phase,isa,workers,effective_workers,width,height,frames,pair,variant,us_per_frame
screen,x86-64-v4,12,12,1920,1080,400,0,baseline,84.23
screen,x86-64-v4,12,12,1920,1080,400,0,final,75.09
screen,x86-64-v4,12,12,1920,1080,400,1,final,74.48
screen,x86-64-v4,12,12,1920,1080,400,1,baseline,85.85
screen,x86-64-v4,12,12,1920,1080,400,2,baseline,92.25
screen,x86-64-v4,12,12,1920,1080,400,2,final,73.62
screen,x86-64-v4,8,8,1280,720,400,0,baseline,44.1
screen,x86-64-v4,8,8,1280,720,400,0,final,38.94
screen,x86-64-v4,8,8,1280,720,400,1,final,38.02
screen,x86-64-v4,8,8,1280,720,400,1,baseline,45.79
screen,x86-64-v4,8,8,1280,720,400,2,baseline,43.74
screen,x86-64-v4,8,8,1280,720,400,2,final,40.01
screen,x86-64-v3,1,1,1280,720,400,0,baseline,249.03
screen,x86-64-v3,1,1,1280,720,400,0,final,204.44
screen,x86-64-v3,1,1,1280,720,400,1,final,205.32
screen,x86-64-v3,1,1,1280,720,400,1,baseline,247.27
screen,x86-64-v3,1,1,1280,720,400,2,baseline,247.01
screen,x86-64-v3,1,1,1280,720,400,2,final,200.34
screen,x86-64-v4,16,16,3840,2160,400,0,baseline,246.83
screen,x86-64-v4,16,16,3840,2160,400,0,final,255.67
screen,x86-64-v4,16,16,3840,2160,400,1,final,251.0
screen,x86-64-v4,16,16,3840,2160,400,1,baseline,245.46
screen,x86-64-v4,16,16,3840,2160,400,2,baseline,253.31
screen,x86-64-v4,16,16,3840,2160,400,2,final,246.58
screen,x86-64-v4,1,1,1280,720,400,0,baseline,213.32
screen,x86-64-v4,1,1,1280,720,400,0,final,164.71
screen,x86-64-v4,1,1,1280,720,400,1,final,165.95
screen,x86-64-v4,1,1,1280,720,400,1,baseline,206.16
screen,x86-64-v4,1,1,1280,720,400,2,baseline,199.25
screen,x86-64-v4,1,1,1280,720,400,2,final,171.28
screen,x86-64-v3,8,8,1280,720,400,0,baseline,52.86
screen,x86-64-v3,8,8,1280,720,400,0,final,44.61
screen,x86-64-v3,8,8,1280,720,400,1,final,49.25
screen,x86-64-v3,8,8,1280,720,400,1,baseline,50.84
screen,x86-64-v3,8,8,1280,720,400,2,baseline,69.09
screen,x86-64-v3,8,8,1280,720,400,2,final,44.14
screen,x86-64-v3,1,1,3840,2160,400,0,baseline,2219.41
screen,x86-64-v3,1,1,3840,2160,400,0,final,2237.57
screen,x86-64-v3,1,1,3840,2160,400,1,final,2240.24
screen,x86-64-v3,1,1,3840,2160,400,1,baseline,2214.09
screen,x86-64-v3,1,1,3840,2160,400,2,baseline,2307.2
screen,x86-64-v3,1,1,3840,2160,400,2,final,2289.05
screen,x86-64,12,12,1920,1080,400,0,baseline,211.79
screen,x86-64,12,12,1920,1080,400,0,final,213.35
screen,x86-64,12,12,1920,1080,400,1,final,164.22
screen,x86-64,12,12,1920,1080,400,1,baseline,200.5
screen,x86-64,12,12,1920,1080,400,2,baseline,207.85
screen,x86-64,12,12,1920,1080,400,2,final,225.36
screen,x86-64,8,8,1280,720,400,0,baseline,153.43
screen,x86-64,8,8,1280,720,400,0,final,103.57
screen,x86-64,8,8,1280,720,400,1,final,123.08
screen,x86-64,8,8,1280,720,400,1,baseline,129.33
screen,x86-64,8,8,1280,720,400,2,baseline,123.74
screen,x86-64,8,8,1280,720,400,2,final,101.11
screen,x86-64-v3,1,1,1920,1080,400,0,baseline,556.91
screen,x86-64-v3,1,1,1920,1080,400,0,final,447.05
screen,x86-64-v3,1,1,1920,1080,400,1,final,459.66
screen,x86-64-v3,1,1,1920,1080,400,1,baseline,584.52
screen,x86-64-v3,1,1,1920,1080,400,2,baseline,559.81
screen,x86-64-v3,1,1,1920,1080,400,2,final,453.19
screen,x86-64,1,1,3840,2160,400,0,baseline,5190.36
screen,x86-64,1,1,3840,2160,400,0,final,5244.49
screen,x86-64,1,1,3840,2160,400,1,final,5269.94
screen,x86-64,1,1,3840,2160,400,1,baseline,5164.73
screen,x86-64,1,1,3840,2160,400,2,baseline,5201.11
screen,x86-64,1,1,3840,2160,400,2,final,5197.39
screen,x86-64,1,1,1280,720,400,0,baseline,588.95
screen,x86-64,1,1,1280,720,400,0,final,462.53
screen,x86-64,1,1,1280,720,400,1,final,455.69
screen,x86-64,1,1,1280,720,400,1,baseline,580.96
screen,x86-64,1,1,1280,720,400,2,baseline,574.64
screen,x86-64,1,1,1280,720,400,2,final,460.55
screen,x86-64-v4,1,1,1920,1080,400,0,baseline,446.21
screen,x86-64-v4,1,1,1920,1080,400,0,final,368.63
screen,x86-64-v4,1,1,1920,1080,400,1,final,370.39
screen,x86-64-v4,1,1,1920,1080,400,1,baseline,454.08
screen,x86-64-v4,1,1,1920,1080,400,2,baseline,449.99
screen,x86-64-v4,1,1,1920,1080,400,2,final,370.21
screen,x86-64-v3,12,12,1920,1080,400,0,baseline,88.03
screen,x86-64-v3,12,12,1920,1080,400,0,final,98.56
screen,x86-64-v3,12,12,1920,1080,400,1,final,90.24
screen,x86-64-v3,12,12,1920,1080,400,1,baseline,91.59
screen,x86-64-v3,12,12,1920,1080,400,2,baseline,114.03
screen,x86-64-v3,12,12,1920,1080,400,2,final,88.6
screen,x86-64,1,1,1920,1080,400,0,baseline,1301.78
screen,x86-64,1,1,1920,1080,400,0,final,1025.6
screen,x86-64,1,1,1920,1080,400,1,final,1035.36
screen,x86-64,1,1,1920,1080,400,1,baseline,1313.49
screen,x86-64,1,1,1920,1080,400,2,baseline,1285.0
screen,x86-64,1,1,1920,1080,400,2,final,1030.9
screen,x86-64,16,16,3840,2160,400,0,baseline,804.55
screen,x86-64,16,16,3840,2160,400,0,final,828.77
screen,x86-64,16,16,3840,2160,400,1,final,784.96
screen,x86-64,16,16,3840,2160,400,1,baseline,718.32
screen,x86-64,16,16,3840,2160,400,2,baseline,777.79
screen,x86-64,16,16,3840,2160,400,2,final,800.37
screen,x86-64-v4,1,1,3840,2160,400,0,baseline,1765.68
screen,x86-64-v4,1,1,3840,2160,400,0,final,1784.71
screen,x86-64-v4,1,1,3840,2160,400,1,final,1817.26
screen,x86-64-v4,1,1,3840,2160,400,1,baseline,1798.31
screen,x86-64-v4,1,1,3840,2160,400,2,baseline,1766.61
screen,x86-64-v4,1,1,3840,2160,400,2,final,1794.78
screen,x86-64-v3,16,16,3840,2160,400,0,baseline,321.47
screen,x86-64-v3,16,16,3840,2160,400,0,final,311.44
screen,x86-64-v3,16,16,3840,2160,400,1,final,321.58
screen,x86-64-v3,16,16,3840,2160,400,1,baseline,318.83
screen,x86-64-v3,16,16,3840,2160,400,2,baseline,313.27
screen,x86-64-v3,16,16,3840,2160,400,2,final,305.36
fallback_confirmation,x86-64,16,16,3840,2160,1200,0,baseline,759.3
fallback_confirmation,x86-64,16,16,3840,2160,1200,0,final,770.6
fallback_confirmation,x86-64,16,16,3840,2160,1200,1,final,730.12
fallback_confirmation,x86-64,16,16,3840,2160,1200,1,baseline,693.57
fallback_confirmation,x86-64,16,16,3840,2160,1200,2,baseline,691.73
fallback_confirmation,x86-64,16,16,3840,2160,1200,2,final,714.49
fallback_confirmation,x86-64,16,16,3840,2160,1200,3,final,685.1
fallback_confirmation,x86-64,16,16,3840,2160,1200,3,baseline,717.63
fallback_confirmation,x86-64,16,16,3840,2160,1200,4,baseline,585.64
fallback_confirmation,x86-64,16,16,3840,2160,1200,4,final,732.16
fallback_confirmation,x86-64,16,16,3840,2160,1200,5,final,626.27
fallback_confirmation,x86-64,16,16,3840,2160,1200,5,baseline,677.61
fallback_confirmation,x86-64,16,16,3840,2160,1200,6,baseline,712.15
fallback_confirmation,x86-64,16,16,3840,2160,1200,6,final,657.17
fallback_confirmation,x86-64,16,16,3840,2160,1200,7,final,740.96
fallback_confirmation,x86-64,16,16,3840,2160,1200,7,baseline,664.55
fallback_confirmation,x86-64,16,16,3840,2160,1200,8,baseline,726.13
fallback_confirmation,x86-64,16,16,3840,2160,1200,8,final,728.43
fallback_confirmation,x86-64,16,16,3840,2160,1200,9,final,720.08
fallback_confirmation,x86-64,16,16,3840,2160,1200,9,baseline,696.29
fallback_confirmation,x86-64,16,16,3840,2160,1200,10,baseline,723.99
fallback_confirmation,x86-64,16,16,3840,2160,1200,10,final,726.55
fallback_confirmation,x86-64,16,16,3840,2160,1200,11,final,684.04
fallback_confirmation,x86-64,16,16,3840,2160,1200,11,baseline,714.5
fallback_confirmation,x86-64,16,16,3840,2160,1200,12,baseline,651.61
fallback_confirmation,x86-64,16,16,3840,2160,1200,12,final,624.64
fallback_confirmation,x86-64,16,16,3840,2160,1200,13,final,744.3
fallback_confirmation,x86-64,16,16,3840,2160,1200,13,baseline,747.27
fallback_confirmation,x86-64,16,16,3840,2160,1200,14,baseline,715.14
fallback_confirmation,x86-64,16,16,3840,2160,1200,14,final,711.15
fallback_confirmation,x86-64,16,16,3840,2160,1200,15,final,639.73
fallback_confirmation,x86-64,16,16,3840,2160,1200,15,baseline,720.23
fallback_confirmation,x86-64,16,16,3840,2160,1200,16,baseline,802.41
fallback_confirmation,x86-64,16,16,3840,2160,1200,16,final,686.85
fallback_confirmation,x86-64,16,16,3840,2160,1200,17,final,718.67
fallback_confirmation,x86-64,16,16,3840,2160,1200,17,baseline,743.38
fallback_confirmation,x86-64,16,16,3840,2160,1200,18,baseline,677.57
fallback_confirmation,x86-64,16,16,3840,2160,1200,18,final,797.23
fallback_confirmation,x86-64,16,16,3840,2160,1200,19,final,833.24
fallback_confirmation,x86-64,16,16,3840,2160,1200,19,baseline,727.39
