isa,workers,effective_workers,width,height,pair,variant,us
x86-64-v3,12,12,1280,720,0,baseline,64.04
x86-64-v3,12,12,1280,720,0,gated,52.09
x86-64-v3,12,12,1280,720,1,gated,60.02
x86-64-v3,12,12,1280,720,1,baseline,53.47
x86-64-v3,12,12,1280,720,2,baseline,56.44
x86-64-v3,12,12,1280,720,2,gated,47.65
x86-64-v3,12,12,1280,720,3,gated,49.64
x86-64-v3,12,12,1280,720,3,baseline,58.72
x86-64-v3,12,12,1280,720,4,baseline,54.93
x86-64-v3,12,12,1280,720,4,gated,51.11
x86-64-v3,1,1,3840,2160,0,baseline,2232.57
x86-64-v3,1,1,3840,2160,0,gated,2253.02
x86-64-v3,1,1,3840,2160,1,gated,2258.0
x86-64-v3,1,1,3840,2160,1,baseline,2221.95
x86-64-v3,1,1,3840,2160,2,baseline,2213.76
x86-64-v3,1,1,3840,2160,2,gated,2251.5
x86-64-v3,1,1,3840,2160,3,gated,2233.53
x86-64-v3,1,1,3840,2160,3,baseline,2192.85
x86-64-v3,1,1,3840,2160,4,baseline,2208.78
x86-64-v3,1,1,3840,2160,4,gated,2288.59
x86-64,1,1,1920,1080,0,baseline,1298.06
x86-64,1,1,1920,1080,0,gated,1052.05
x86-64,1,1,1920,1080,1,gated,1053.49
x86-64,1,1,1920,1080,1,baseline,1297.9
x86-64,1,1,1920,1080,2,baseline,1299.39
x86-64,1,1,1920,1080,2,gated,1028.49
x86-64,1,1,1920,1080,3,gated,1029.66
x86-64,1,1,1920,1080,3,baseline,1289.56
x86-64,1,1,1920,1080,4,baseline,1299.88
x86-64,1,1,1920,1080,4,gated,1043.22
x86-64-v3,1,1,1280,720,0,baseline,246.66
x86-64-v3,1,1,1280,720,0,gated,202.8
x86-64-v3,1,1,1280,720,1,gated,202.56
x86-64-v3,1,1,1280,720,1,baseline,247.01
x86-64-v3,1,1,1280,720,2,baseline,249.87
x86-64-v3,1,1,1280,720,2,gated,198.02
x86-64-v3,1,1,1280,720,3,gated,201.27
x86-64-v3,1,1,1280,720,3,baseline,251.1
x86-64-v3,1,1,1280,720,4,baseline,250.39
x86-64-v3,1,1,1280,720,4,gated,203.97
x86-64-v3,1,1,1920,1080,0,baseline,556.42
x86-64-v3,1,1,1920,1080,0,gated,457.25
x86-64-v3,1,1,1920,1080,1,gated,456.57
x86-64-v3,1,1,1920,1080,1,baseline,557.95
x86-64-v3,1,1,1920,1080,2,baseline,570.72
x86-64-v3,1,1,1920,1080,2,gated,450.18
x86-64-v3,1,1,1920,1080,3,gated,446.07
x86-64-v3,1,1,1920,1080,3,baseline,549.44
x86-64-v3,1,1,1920,1080,4,baseline,553.91
x86-64-v3,1,1,1920,1080,4,gated,453.2
x86-64,1,1,3840,2160,0,baseline,5564.54
x86-64,1,1,3840,2160,0,gated,5773.04
x86-64,1,1,3840,2160,1,gated,5705.17
x86-64,1,1,3840,2160,1,baseline,5291.33
x86-64,1,1,3840,2160,2,baseline,5226.59
x86-64,1,1,3840,2160,2,gated,5304.51
x86-64,1,1,3840,2160,3,gated,5227.43
x86-64,1,1,3840,2160,3,baseline,5184.75
x86-64,1,1,3840,2160,4,baseline,5171.91
x86-64,1,1,3840,2160,4,gated,5371.4
x86-64-v3,12,12,1920,1080,0,baseline,115.58
x86-64-v3,12,12,1920,1080,0,gated,95.56
x86-64-v3,12,12,1920,1080,1,gated,91.73
x86-64-v3,12,12,1920,1080,1,baseline,112.61
x86-64-v3,12,12,1920,1080,2,baseline,107.31
x86-64-v3,12,12,1920,1080,2,gated,83.6
x86-64-v3,12,12,1920,1080,3,gated,99.06
x86-64-v3,12,12,1920,1080,3,baseline,99.63
x86-64-v3,12,12,1920,1080,4,baseline,104.9
x86-64-v3,12,12,1920,1080,4,gated,82.88
x86-64,12,12,1920,1080,0,baseline,267.44
x86-64,12,12,1920,1080,0,gated,210.59
x86-64,12,12,1920,1080,1,gated,194.34
x86-64,12,12,1920,1080,1,baseline,268.82
x86-64,12,12,1920,1080,2,baseline,246.07
x86-64,12,12,1920,1080,2,gated,217.71
x86-64,12,12,1920,1080,3,gated,173.18
x86-64,12,12,1920,1080,3,baseline,229.78
x86-64,12,12,1920,1080,4,baseline,247.71
x86-64,12,12,1920,1080,4,gated,219.07
x86-64-v4,1,1,3840,2160,0,baseline,1764.48
x86-64-v4,1,1,3840,2160,0,gated,1779.46
x86-64-v4,1,1,3840,2160,1,gated,1761.43
x86-64-v4,1,1,3840,2160,1,baseline,1768.62
x86-64-v4,1,1,3840,2160,2,baseline,1762.93
x86-64-v4,1,1,3840,2160,2,gated,1753.37
x86-64-v4,1,1,3840,2160,3,gated,1753.38
x86-64-v4,1,1,3840,2160,3,baseline,1757.65
x86-64-v4,1,1,3840,2160,4,baseline,1769.81
x86-64-v4,1,1,3840,2160,4,gated,1754.0
x86-64,12,12,3840,2160,0,baseline,674.54
x86-64,12,12,3840,2160,0,gated,703.93
x86-64,12,12,3840,2160,1,gated,756.17
x86-64,12,12,3840,2160,1,baseline,790.48
x86-64,12,12,3840,2160,2,baseline,711.94
x86-64,12,12,3840,2160,2,gated,693.96
x86-64,12,12,3840,2160,3,gated,732.74
x86-64,12,12,3840,2160,3,baseline,681.23
x86-64,12,12,3840,2160,4,baseline,768.0
x86-64,12,12,3840,2160,4,gated,694.93
x86-64,1,1,1280,720,0,baseline,575.82
x86-64,1,1,1280,720,0,gated,462.95
x86-64,1,1,1280,720,1,gated,459.31
x86-64,1,1,1280,720,1,baseline,576.37
x86-64,1,1,1280,720,2,baseline,577.38
x86-64,1,1,1280,720,2,gated,461.26
x86-64,1,1,1280,720,3,gated,458.28
x86-64,1,1,1280,720,3,baseline,580.55
x86-64,1,1,1280,720,4,baseline,578.48
x86-64,1,1,1280,720,4,gated,463.13
x86-64-v4,12,12,1280,720,0,baseline,46.76
x86-64-v4,12,12,1280,720,0,gated,47.96
x86-64-v4,12,12,1280,720,1,gated,36.35
x86-64-v4,12,12,1280,720,1,baseline,51.99
x86-64-v4,12,12,1280,720,2,baseline,52.94
x86-64-v4,12,12,1280,720,2,gated,41.38
x86-64-v4,12,12,1280,720,3,gated,48.21
x86-64-v4,12,12,1280,720,3,baseline,42.97
x86-64-v4,12,12,1280,720,4,baseline,42.74
x86-64-v4,12,12,1280,720,4,gated,41.72
x86-64,12,12,1280,720,0,baseline,108.37
x86-64,12,12,1280,720,0,gated,111.71
x86-64,12,12,1280,720,1,gated,115.84
x86-64,12,12,1280,720,1,baseline,95.38
x86-64,12,12,1280,720,2,baseline,124.27
x86-64,12,12,1280,720,2,gated,114.14
x86-64,12,12,1280,720,3,gated,86.79
x86-64,12,12,1280,720,3,baseline,102.73
x86-64,12,12,1280,720,4,baseline,118.81
x86-64,12,12,1280,720,4,gated,109.7
x86-64-v3,12,12,3840,2160,0,baseline,293.75
x86-64-v3,12,12,3840,2160,0,gated,297.44
x86-64-v3,12,12,3840,2160,1,gated,354.72
x86-64-v3,12,12,3840,2160,1,baseline,320.6
x86-64-v3,12,12,3840,2160,2,baseline,353.9
x86-64-v3,12,12,3840,2160,2,gated,288.75
x86-64-v3,12,12,3840,2160,3,gated,354.18
x86-64-v3,12,12,3840,2160,3,baseline,318.63
x86-64-v3,12,12,3840,2160,4,baseline,283.08
x86-64-v3,12,12,3840,2160,4,gated,287.84
x86-64-v4,1,1,1920,1080,0,baseline,451.83
x86-64-v4,1,1,1920,1080,0,gated,373.05
x86-64-v4,1,1,1920,1080,1,gated,365.79
x86-64-v4,1,1,1920,1080,1,baseline,445.52
x86-64-v4,1,1,1920,1080,2,baseline,447.91
x86-64-v4,1,1,1920,1080,2,gated,371.99
x86-64-v4,1,1,1920,1080,3,gated,367.13
x86-64-v4,1,1,1920,1080,3,baseline,448.53
x86-64-v4,1,1,1920,1080,4,baseline,444.4
x86-64-v4,1,1,1920,1080,4,gated,367.95
x86-64-v4,12,12,3840,2160,0,baseline,208.95
x86-64-v4,12,12,3840,2160,0,gated,228.86
x86-64-v4,12,12,3840,2160,1,gated,234.66
x86-64-v4,12,12,3840,2160,1,baseline,237.22
x86-64-v4,12,12,3840,2160,2,baseline,217.42
x86-64-v4,12,12,3840,2160,2,gated,241.28
x86-64-v4,12,12,3840,2160,3,gated,246.97
x86-64-v4,12,12,3840,2160,3,baseline,244.68
x86-64-v4,12,12,3840,2160,4,baseline,299.88
x86-64-v4,12,12,3840,2160,4,gated,236.84
x86-64-v4,1,1,1280,720,0,baseline,199.93
x86-64-v4,1,1,1280,720,0,gated,167.29
x86-64-v4,1,1,1280,720,1,gated,165.85
x86-64-v4,1,1,1280,720,1,baseline,201.7
x86-64-v4,1,1,1280,720,2,baseline,202.89
x86-64-v4,1,1,1280,720,2,gated,164.63
x86-64-v4,1,1,1280,720,3,gated,164.47
x86-64-v4,1,1,1280,720,3,baseline,201.65
x86-64-v4,1,1,1280,720,4,baseline,201.8
x86-64-v4,1,1,1280,720,4,gated,165.1
x86-64-v4,12,12,1920,1080,0,baseline,76.81
x86-64-v4,12,12,1920,1080,0,gated,73.06
x86-64-v4,12,12,1920,1080,1,gated,84.16
x86-64-v4,12,12,1920,1080,1,baseline,85.61
x86-64-v4,12,12,1920,1080,2,baseline,83.57
x86-64-v4,12,12,1920,1080,2,gated,78.14
x86-64-v4,12,12,1920,1080,3,gated,83.83
x86-64-v4,12,12,1920,1080,3,baseline,89.06
x86-64-v4,12,12,1920,1080,4,baseline,87.92
x86-64-v4,12,12,1920,1080,4,gated,66.29
