experiment,width,height,usm_workers,period_us,frames,pair,variant,frame_mean,frame_p95,frame_p99,processing_cpu_mean,usm_mean,hash
ungated_unpaced,3840,2160,12,0,1200,0,baseline,1019.975195,1208.452,1381.907001,8678.620063,319.524035,c72f5b5d2a6053ea
ungated_unpaced,3840,2160,12,0,1200,0,candidate,1002.164362,1261.985001,1437.535,8345.987768,289.886503,c72f5b5d2a6053ea
ungated_unpaced,1280,720,12,0,1200,0,baseline,208.656138,232.761002,1164.586002,1328.449786,80.82031,78444727a6ea1325
ungated_unpaced,1280,720,12,0,1200,0,candidate,169.278816,210.457001,279.391998,1271.835473,57.407204,78444727a6ea1325
ungated_unpaced,1920,1080,12,0,1200,0,baseline,314.752896,369.846001,414.553001,2475.602494,105.159861,5a2bef157e634ce9
ungated_unpaced,1920,1080,12,0,1200,0,candidate,305.859517,382.702,544.223999,2579.47935,88.712769,5a2bef157e634ce9
ungated_unpaced,3840,2160,12,0,1200,1,candidate,1004.360355,1233.961002,1548.260002,8620.085261,286.798735,c72f5b5d2a6053ea
ungated_unpaced,3840,2160,12,0,1200,1,baseline,962.939522,1164.236,1257.385998,8303.911914,304.316807,c72f5b5d2a6053ea
ungated_unpaced,1280,720,12,0,1200,1,candidate,153.546825,191.07,214.145,1153.288432,50.786934,78444727a6ea1325
ungated_unpaced,1280,720,12,0,1200,1,baseline,160.240512,189.246998,213.083,1258.477007,55.347851,78444727a6ea1325
ungated_unpaced,1920,1080,12,0,1200,1,candidate,300.523527,368.354,592.659,2356.662959,90.434563,5a2bef157e634ce9
ungated_unpaced,1920,1080,12,0,1200,1,baseline,339.840522,460.913002,1400.514,2755.975906,112.79676,5a2bef157e634ce9
ungated_unpaced,1280,720,12,0,1200,2,baseline,165.86768,199.716999,244.202999,1315.719838,55.072925,78444727a6ea1325
ungated_unpaced,1280,720,12,0,1200,2,candidate,172.611203,222.200001,295.101002,1291.132007,54.88272,78444727a6ea1325
ungated_unpaced,3840,2160,12,0,1200,2,baseline,1097.880173,1337.191002,1563.328999,9294.957807,339.351757,c72f5b5d2a6053ea
ungated_unpaced,3840,2160,12,0,1200,2,candidate,1085.059628,1365.465,1803.775002,8782.099334,326.215038,c72f5b5d2a6053ea
ungated_unpaced,1920,1080,12,0,1200,2,baseline,282.037072,337.604,377.271,2270.273462,93.443596,5a2bef157e634ce9
ungated_unpaced,1920,1080,12,0,1200,2,candidate,274.681493,333.856998,374.887001,2226.338679,86.759223,5a2bef157e634ce9
ungated_unpaced,3840,2160,12,0,1200,3,candidate,1016.144076,1295.820999,1574.401001,8307.339238,299.005376,c72f5b5d2a6053ea
ungated_unpaced,3840,2160,12,0,1200,3,baseline,1023.569116,1205.335003,1467.734001,8878.408166,320.80666,c72f5b5d2a6053ea
ungated_unpaced,1280,720,12,0,1200,3,candidate,154.233878,188.935997,213.022999,1227.687425,47.507142,78444727a6ea1325
ungated_unpaced,1280,720,12,0,1200,3,baseline,161.319269,181.460999,197.322002,1241.712703,56.518337,78444727a6ea1325
ungated_unpaced,1920,1080,12,0,1200,3,candidate,300.771406,343.686001,426.696999,2360.349354,92.894149,5a2bef157e634ce9
ungated_unpaced,1920,1080,12,0,1200,3,baseline,304.759393,346.923,388.202,2474.021061,102.255688,5a2bef157e634ce9
ungated_unpaced,3840,2160,12,0,1200,4,baseline,960.711337,1173.703999,1267.505997,8168.454393,294.849783,c72f5b5d2a6053ea
ungated_unpaced,3840,2160,12,0,1200,4,candidate,1068.16094,1375.475002,1841.569,8689.528008,307.990887,c72f5b5d2a6053ea
ungated_unpaced,1920,1080,12,0,1200,4,baseline,344.165309,434.932999,580.654999,2745.558142,113.173174,5a2bef157e634ce9
ungated_unpaced,1920,1080,12,0,1200,4,candidate,313.718355,363.974998,401.719002,2470.631925,92.666488,5a2bef157e634ce9
ungated_unpaced,1280,720,12,0,1200,4,baseline,173.319447,184.426998,209.757,1327.304007,58.863581,78444727a6ea1325
ungated_unpaced,1280,720,12,0,1200,4,candidate,174.956061,199.045998,232.841,1305.435207,58.556874,78444727a6ea1325
ungated_unpaced,1920,1080,12,0,1200,5,candidate,301.028768,339.247002,412.889999,2401.756821,88.95688,5a2bef157e634ce9
ungated_unpaced,1920,1080,12,0,1200,5,baseline,301.296995,352.783997,384.124001,2489.462884,108.640222,5a2bef157e634ce9
ungated_unpaced,1280,720,12,0,1200,5,candidate,151.200441,165.711002,178.475002,1237.501353,47.846648,78444727a6ea1325
ungated_unpaced,1280,720,12,0,1200,5,baseline,153.04682,169.649002,222.241001,1308.646842,50.268226,78444727a6ea1325
ungated_unpaced,3840,2160,12,0,1200,5,candidate,1007.864435,1146.060997,1994.305,9011.538658,278.280746,c72f5b5d2a6053ea
ungated_unpaced,3840,2160,12,0,1200,5,baseline,1009.278733,1182.943001,1503.713997,9035.883974,303.312819,c72f5b5d2a6053ea
ungated_unpaced,3840,2160,12,0,1200,6,baseline,966.089136,1207.380001,1298.125,8240.924837,304.666106,c72f5b5d2a6053ea
ungated_unpaced,3840,2160,12,0,1200,6,candidate,891.550224,1114.089001,1300.098999,7527.21599,262.060823,c72f5b5d2a6053ea
ungated_unpaced,1920,1080,12,0,1200,6,baseline,302.493591,351.389999,378.062,2448.714061,103.672863,5a2bef157e634ce9
ungated_unpaced,1920,1080,12,0,1200,6,candidate,299.910799,331.873001,367.151001,2545.537984,90.118807,5a2bef157e634ce9
ungated_unpaced,1280,720,12,0,1200,6,baseline,171.212748,200.068001,214.055,1327.078918,63.154413,78444727a6ea1325
ungated_unpaced,1280,720,12,0,1200,6,candidate,157.356062,187.132999,212.521999,1222.062421,55.897067,78444727a6ea1325
ungated_unpaced,1920,1080,12,0,1200,7,candidate,298.175141,338.255001,366.741001,2548.069361,91.896258,5a2bef157e634ce9
ungated_unpaced,1920,1080,12,0,1200,7,baseline,295.718827,336.743,354.016003,2433.244935,94.068932,5a2bef157e634ce9
ungated_unpaced,3840,2160,12,0,1200,7,candidate,992.882962,1264.219997,1632.001999,8344.819006,282.019329,c72f5b5d2a6053ea
ungated_unpaced,3840,2160,12,0,1200,7,baseline,1024.205358,1244.731998,1348.994999,8801.626455,335.141085,c72f5b5d2a6053ea
ungated_unpaced,1280,720,12,0,1200,7,candidate,147.515693,168.155998,197.142002,1221.040429,46.463785,78444727a6ea1325
ungated_unpaced,1280,720,12,0,1200,7,baseline,156.80179,173.786999,189.767998,1229.267092,50.313402,78444727a6ea1325
ungated_unpaced,1280,720,12,0,1200,8,baseline,156.430972,167.114002,179.968002,1287.999561,49.658107,78444727a6ea1325
ungated_unpaced,1280,720,12,0,1200,8,candidate,149.131342,172.844997,183.957001,1126.321781,51.200056,78444727a6ea1325
ungated_unpaced,1920,1080,12,0,1200,8,baseline,313.437699,367.082001,390.566998,2495.16088,103.913998,5a2bef157e634ce9
ungated_unpaced,1920,1080,12,0,1200,8,candidate,278.1789,324.568001,350.619003,2245.510303,81.418134,5a2bef157e634ce9
ungated_unpaced,3840,2160,12,0,1200,8,baseline,936.318413,1202.07,1319.317001,7998.466561,295.357133,c72f5b5d2a6053ea
ungated_unpaced,3840,2160,12,0,1200,8,candidate,899.245257,1093.819,1174.686001,7739.029503,268.149395,c72f5b5d2a6053ea
ungated_unpaced,1280,720,12,0,1200,9,candidate,162.512295,179.507999,202.242001,1353.215061,51.773412,78444727a6ea1325
ungated_unpaced,1280,720,12,0,1200,9,baseline,150.706538,156.773998,161.012001,1347.549113,46.694287,78444727a6ea1325
ungated_unpaced,3840,2160,12,0,1200,9,candidate,979.915154,1136.502998,1230.816002,8071.19393,273.558573,c72f5b5d2a6053ea
ungated_unpaced,3840,2160,12,0,1200,9,baseline,984.795009,1217.218998,1397.017002,8287.387979,308.975252,c72f5b5d2a6053ea
ungated_unpaced,1920,1080,12,0,1200,9,candidate,296.100129,351.500999,375.327999,2411.365021,106.531169,5a2bef157e634ce9
ungated_unpaced,1920,1080,12,0,1200,9,baseline,304.442658,349.137001,383.403,2471.174981,102.136037,5a2bef157e634ce9
ungated_paced_4k,3840,2160,12,16667,600,0,baseline,1332.269113,1654.535999,2022.91,11296.692988,387.747332,c72f5b5d2a6053ea
ungated_paced_4k,3840,2160,12,16667,600,0,candidate,1217.70223,1466.191002,1666.129002,10689.63409,324.939732,c72f5b5d2a6053ea
ungated_paced_4k,3840,2160,12,16667,600,1,candidate,1257.142108,1438.948997,1569.801998,11209.309855,291.532502,c72f5b5d2a6053ea
ungated_paced_4k,3840,2160,12,16667,600,1,baseline,1282.313827,1498.734997,1828.704998,11088.123225,345.439718,c72f5b5d2a6053ea
ungated_paced_4k,3840,2160,12,16667,600,2,baseline,1404.366983,1846.950001,2243.577999,12421.894738,355.09832,c72f5b5d2a6053ea
ungated_paced_4k,3840,2160,12,16667,600,2,candidate,1247.444152,1571.776997,1829.236,10741.701855,341.798172,c72f5b5d2a6053ea
ungated_paced_4k,3840,2160,12,16667,600,3,candidate,1475.459515,1934.93,4060.57,12171.362548,396.065433,c72f5b5d2a6053ea
ungated_paced_4k,3840,2160,12,16667,600,3,baseline,1480.403697,2071.305,4047.815998,12126.579883,454.088032,c72f5b5d2a6053ea
ungated_paced_4k,3840,2160,12,16667,600,4,baseline,1424.350938,1943.347,2788.666,12195.31669,434.965898,c72f5b5d2a6053ea
ungated_paced_4k,3840,2160,12,16667,600,4,candidate,1411.283838,1778.978001,2179.354,12051.109367,410.490352,c72f5b5d2a6053ea
ungated_paced_4k,3840,2160,12,16667,600,5,candidate,1283.376603,1577.607998,2090.292,10909.805902,337.788145,c72f5b5d2a6053ea
ungated_paced_4k,3840,2160,12,16667,600,5,baseline,1395.894038,1747.195999,4924.865997,11289.822002,404.75765,c72f5b5d2a6053ea
ungated_paced_4k,3840,2160,12,16667,600,6,baseline,1302.226467,1600.372002,1769.951,11104.305635,378.217718,c72f5b5d2a6053ea
ungated_paced_4k,3840,2160,12,16667,600,6,candidate,1260.934693,1568.791,1764.689999,10593.690617,317.766853,c72f5b5d2a6053ea
ungated_paced_4k,3840,2160,12,16667,600,7,candidate,1269.035565,1585.884003,1844.857002,10843.100383,319.954132,c72f5b5d2a6053ea
ungated_paced_4k,3840,2160,12,16667,600,7,baseline,1348.29751,1712.199997,1953.426003,12240.93273,362.499537,c72f5b5d2a6053ea
ungated_paced_4k,3840,2160,12,16667,600,8,baseline,1310.643437,1638.586998,2024.805,11358.720468,367.862708,c72f5b5d2a6053ea
ungated_paced_4k,3840,2160,12,16667,600,8,candidate,1235.903223,1477.814999,1615.191002,10501.997962,314.344947,c72f5b5d2a6053ea
ungated_paced_4k,3840,2160,12,16667,600,9,candidate,1273.003117,1546.386997,1863.172001,11066.894138,303.57741,c72f5b5d2a6053ea
ungated_paced_4k,3840,2160,12,16667,600,9,baseline,1281.131938,1505.199001,1612.165001,10924.284132,351.362593,c72f5b5d2a6053ea
gated_fixed_workers,3840,2160,12,0,1200,0,baseline,918.724937,1097.769001,1153.476997,8031.228105,298.672738,c72f5b5d2a6053ea
gated_fixed_workers,3840,2160,12,0,1200,0,gated,1014.018911,1095.124001,1155.401001,8931.421164,295.719605,c72f5b5d2a6053ea
gated_fixed_workers,1280,720,12,0,1200,0,baseline,156.740391,170.671001,188.415001,1207.550624,52.506498,78444727a6ea1325
gated_fixed_workers,1280,720,12,0,1200,0,gated,161.707278,197.371998,207.713001,1273.580059,56.770367,78444727a6ea1325
gated_fixed_workers,1920,1080,12,0,1200,0,baseline,298.654405,322.165001,346.301003,2504.26859,89.37712,5a2bef157e634ce9
gated_fixed_workers,1920,1080,12,0,1200,0,gated,286.753956,303.900002,322.474998,2440.193274,82.112421,5a2bef157e634ce9
gated_fixed_workers,3840,2160,12,0,1200,1,gated,925.345648,1111.305,1166.030998,7922.341303,298.00542,c72f5b5d2a6053ea
gated_fixed_workers,3840,2160,12,0,1200,1,baseline,935.653763,1087.719002,1151.152,8042.624347,289.087596,c72f5b5d2a6053ea
gated_fixed_workers,1920,1080,12,0,1200,1,gated,272.345951,305.331997,322.235001,2246.146762,80.748422,5a2bef157e634ce9
gated_fixed_workers,1920,1080,12,0,1200,1,baseline,276.525056,314.799999,329.819,2278.731085,85.245937,5a2bef157e634ce9
gated_fixed_workers,1280,720,12,0,1200,1,gated,143.553794,155.701,175.349998,1233.137193,41.900641,78444727a6ea1325
gated_fixed_workers,1280,720,12,0,1200,1,baseline,152.244809,163.527,174.077,1187.461433,49.773973,78444727a6ea1325
gated_fixed_workers,3840,2160,12,0,1200,2,baseline,984.190766,1091.646999,1148.497002,8448.398469,315.622079,c72f5b5d2a6053ea
gated_fixed_workers,3840,2160,12,0,1200,2,gated,953.037937,1093.471001,1153.166,8197.520354,290.444263,c72f5b5d2a6053ea
gated_fixed_workers,1920,1080,12,0,1200,2,baseline,278.518789,318.336998,333.146,2302.468705,89.304248,5a2bef157e634ce9
gated_fixed_workers,1920,1080,12,0,1200,2,gated,296.183283,344.038002,366.811001,2361.5971,102.600105,5a2bef157e634ce9
gated_fixed_workers,1280,720,12,0,1200,2,baseline,150.176374,167.994999,178.737,1160.856057,53.211482,78444727a6ea1325
gated_fixed_workers,1280,720,12,0,1200,2,gated,148.686955,159.528999,169.628998,1145.250759,44.536246,78444727a6ea1325
gated_fixed_workers,3840,2160,12,0,1200,3,gated,891.464926,1075.987,1130.733002,7814.596966,289.529896,c72f5b5d2a6053ea
gated_fixed_workers,3840,2160,12,0,1200,3,baseline,880.34271,1124.901001,1187.462997,7905.156582,276.396276,c72f5b5d2a6053ea
gated_fixed_workers,1920,1080,12,0,1200,3,gated,319.614303,367.051998,411.598999,2578.942626,114.11401,5a2bef157e634ce9
gated_fixed_workers,1920,1080,12,0,1200,3,baseline,293.107497,321.693001,337.153999,2423.944114,96.024993,5a2bef157e634ce9
gated_fixed_workers,1280,720,12,0,1200,3,gated,154.518078,166.882999,176.522003,1215.508872,47.579657,78444727a6ea1325
gated_fixed_workers,1280,720,12,0,1200,3,baseline,153.556866,160.752003,167.404999,1326.140567,48.714242,78444727a6ea1325
gated_fixed_workers,1280,720,12,0,1200,4,baseline,152.016743,171.232002,180.380001,1185.101058,49.794382,78444727a6ea1325
gated_fixed_workers,1280,720,12,0,1200,4,gated,156.337805,172.133999,182.432999,1194.660144,50.826506,78444727a6ea1325
gated_fixed_workers,3840,2160,12,0,1200,4,baseline,889.738807,1085.765999,1140.813,7790.035014,287.238632,c72f5b5d2a6053ea
gated_fixed_workers,3840,2160,12,0,1200,4,gated,902.435132,1092.549,1126.625,7792.183726,282.61389,c72f5b5d2a6053ea
gated_fixed_workers,1920,1080,12,0,1200,4,baseline,294.809825,333.768002,350.369999,2432.930324,95.812378,5a2bef157e634ce9
gated_fixed_workers,1920,1080,12,0,1200,4,gated,289.269722,317.957001,343.014999,2329.02231,85.282403,5a2bef157e634ce9
gated_fixed_workers,3840,2160,12,0,1200,5,gated,982.454886,1153.807999,1226.839001,8385.038697,302.372337,c72f5b5d2a6053ea
gated_fixed_workers,3840,2160,12,0,1200,5,baseline,997.561002,1100.895,1147.424999,8812.923968,312.528363,c72f5b5d2a6053ea
gated_fixed_workers,1280,720,12,0,1200,5,gated,157.67598,199.818001,209.335999,1213.859928,55.285445,78444727a6ea1325
gated_fixed_workers,1280,720,12,0,1200,5,baseline,142.868393,164.177998,179.959,1129.587681,49.639072,78444727a6ea1325
gated_fixed_workers,1920,1080,12,0,1200,5,gated,259.012732,309.25,321.323002,2075.982632,80.802726,5a2bef157e634ce9
gated_fixed_workers,1920,1080,12,0,1200,5,baseline,291.914759,308.248001,333.547001,2619.177615,89.920372,5a2bef157e634ce9
gated_fixed_workers,1280,720,12,0,1200,6,baseline,151.882553,168.697002,179.959,1208.601683,52.408867,78444727a6ea1325
gated_fixed_workers,1280,720,12,0,1200,6,gated,171.164273,204.005997,216.199997,1389.989222,62.301356,78444727a6ea1325
gated_fixed_workers,1920,1080,12,0,1200,6,baseline,297.951275,316.835003,388.263,2455.773862,96.564294,5a2bef157e634ce9
gated_fixed_workers,1920,1080,12,0,1200,6,gated,273.308382,326.714001,336.713001,2198.40528,87.681902,5a2bef157e634ce9
gated_fixed_workers,3840,2160,12,0,1200,6,baseline,929.137321,1098.990997,1143.007,8028.279932,287.234493,c72f5b5d2a6053ea
gated_fixed_workers,3840,2160,12,0,1200,6,gated,827.713181,1069.674,1130.242001,7489.679793,257.497618,c72f5b5d2a6053ea
gated_fixed_workers,1920,1080,12,0,1200,7,gated,263.694765,315.821999,351.832001,2111.711687,84.898767,5a2bef157e634ce9
gated_fixed_workers,1920,1080,12,0,1200,7,baseline,295.355028,336.661999,359.006001,2344.243462,97.479432,5a2bef157e634ce9
gated_fixed_workers,3840,2160,12,0,1200,7,gated,841.026304,1072.168999,1158.757,7519.772723,271.936853,c72f5b5d2a6053ea
gated_fixed_workers,3840,2160,12,0,1200,7,baseline,883.81758,1090.163998,1177.954998,7713.220242,283.665416,c72f5b5d2a6053ea
gated_fixed_workers,1280,720,12,0,1200,7,gated,143.294993,166.091999,180.32,1063.288622,46.61234,78444727a6ea1325
gated_fixed_workers,1280,720,12,0,1200,7,baseline,151.943622,170.712002,182.194,1149.994938,56.317146,78444727a6ea1325
gated_fixed_workers,1280,720,12,0,1200,8,baseline,157.274402,177.654999,187.283001,1228.250061,54.114665,78444727a6ea1325
gated_fixed_workers,1280,720,12,0,1200,8,gated,159.101322,187.051998,196.832001,1284.523079,60.209378,78444727a6ea1325
gated_fixed_workers,1920,1080,12,0,1200,8,baseline,281.487243,327.105,336.824001,2233.389546,86.486215,5a2bef157e634ce9
gated_fixed_workers,1920,1080,12,0,1200,8,gated,269.824227,331.373001,344.528,2190.329561,93.388152,5a2bef157e634ce9
gated_fixed_workers,3840,2160,12,0,1200,8,baseline,999.516343,1117.035999,1189.607002,8729.114054,314.943342,c72f5b5d2a6053ea
gated_fixed_workers,3840,2160,12,0,1200,8,gated,991.041879,1096.586998,1143.566998,8338.23369,290.331787,c72f5b5d2a6053ea
gated_fixed_workers,1280,720,12,0,1200,9,gated,184.899909,201.782001,213.304001,1499.627341,70.791944,78444727a6ea1325
gated_fixed_workers,1280,720,12,0,1200,9,baseline,150.865769,162.785,175.811001,1283.846223,49.895355,78444727a6ea1325
gated_fixed_workers,1920,1080,12,0,1200,9,gated,287.214562,325.530998,356.822002,2289.353514,88.352202,5a2bef157e634ce9
gated_fixed_workers,1920,1080,12,0,1200,9,baseline,294.822629,337.834999,349.538002,2460.457824,99.875053,5a2bef157e634ce9
gated_fixed_workers,3840,2160,12,0,1200,9,gated,1061.117816,1276.966999,1567.490002,9479.671428,330.075254,c72f5b5d2a6053ea
gated_fixed_workers,3840,2160,12,0,1200,9,baseline,1008.079147,1189.006001,1262.228001,8392.368286,325.575427,c72f5b5d2a6053ea
gated_fixed_workers,1280,720,12,0,1200,10,baseline,156.874201,166.062,181.101002,1288.576266,49.936491,78444727a6ea1325
gated_fixed_workers,1280,720,12,0,1200,10,gated,166.593185,195.639,207.091999,1261.902573,57.84059,78444727a6ea1325
gated_fixed_workers,3840,2160,12,0,1200,10,baseline,988.929736,1171.532001,1352.834,8325.468267,315.968875,c72f5b5d2a6053ea
gated_fixed_workers,3840,2160,12,0,1200,10,gated,935.336718,1145.221001,1218.373001,8030.495318,304.103719,c72f5b5d2a6053ea
gated_fixed_workers,1920,1080,12,0,1200,10,baseline,286.75973,336.212002,354.116997,2330.58998,97.406687,5a2bef157e634ce9
gated_fixed_workers,1920,1080,12,0,1200,10,gated,297.28963,351.150997,428.009998,2498.997373,96.376467,5a2bef157e634ce9
gated_fixed_workers,1920,1080,12,0,1200,11,gated,285.995967,322.395,340.279999,2347.002218,82.552195,5a2bef157e634ce9
gated_fixed_workers,1920,1080,12,0,1200,11,baseline,314.844832,342.945,384.084999,2543.412754,102.420832,5a2bef157e634ce9
gated_fixed_workers,3840,2160,12,0,1200,11,gated,1011.197327,1221.037003,1304.079998,8691.811213,312.33444,c72f5b5d2a6053ea
gated_fixed_workers,3840,2160,12,0,1200,11,baseline,1036.859212,1173.756001,1245.776001,8792.226351,319.942424,c72f5b5d2a6053ea
gated_fixed_workers,1280,720,12,0,1200,11,gated,150.845852,166.662998,189.688,1139.159263,49.162807,78444727a6ea1325
gated_fixed_workers,1280,720,12,0,1200,11,baseline,151.993782,159.528999,165.369999,1380.534038,47.399246,78444727a6ea1325
gated_fixed_workers,1920,1080,12,0,1200,12,baseline,307.16556,342.533997,365.648998,2500.647757,99.753912,5a2bef157e634ce9
gated_fixed_workers,1920,1080,12,0,1200,12,gated,284.757879,326.403,342.434002,2370.266999,90.30897,5a2bef157e634ce9
gated_fixed_workers,1280,720,12,0,1200,12,baseline,159.267751,172.164001,183.064999,1311.660183,55.994288,78444727a6ea1325
gated_fixed_workers,1280,720,12,0,1200,12,gated,158.449452,180.008999,190.258999,1188.693455,52.379458,78444727a6ea1325
gated_fixed_workers,3840,2160,12,0,1200,12,baseline,935.025728,1142.564999,1213.854,7880.605011,305.346716,c72f5b5d2a6053ea
gated_fixed_workers,3840,2160,12,0,1200,12,gated,918.73645,1112.438,1164.478001,7893.936925,270.316993,c72f5b5d2a6053ea
gated_fixed_workers,3840,2160,12,0,1200,13,gated,927.86129,1106.255001,1174.637997,7944.857929,282.784799,c72f5b5d2a6053ea
gated_fixed_workers,3840,2160,12,0,1200,13,baseline,1029.176752,1246.277,1356.209999,8764.930873,319.825216,c72f5b5d2a6053ea
gated_fixed_workers,1920,1080,12,0,1200,13,gated,303.069878,338.696999,516.571999,2336.282433,93.793757,5a2bef157e634ce9
gated_fixed_workers,1920,1080,12,0,1200,13,baseline,302.080414,346.481998,368.645,2396.193771,94.129673,5a2bef157e634ce9
gated_fixed_workers,1280,720,12,0,1200,13,gated,148.939889,170.309998,180.5,1148.443693,50.601101,78444727a6ea1325
gated_fixed_workers,1280,720,12,0,1200,13,baseline,152.268107,172.383999,188.113998,1154.180173,52.395987,78444727a6ea1325
gated_fixed_workers,1280,720,12,0,1200,14,baseline,163.51974,182.353001,194.878002,1298.209566,59.62555,78444727a6ea1325
gated_fixed_workers,1280,720,12,0,1200,14,gated,147.062531,161.333,174.278,1300.1271,44.232691,78444727a6ea1325
gated_fixed_workers,1920,1080,12,0,1200,14,baseline,275.517623,347.985001,368.994999,2241.628063,96.725992,5a2bef157e634ce9
gated_fixed_workers,1920,1080,12,0,1200,14,gated,288.420275,327.875999,343.265999,2344.744793,93.108687,5a2bef157e634ce9
gated_fixed_workers,3840,2160,12,0,1200,14,baseline,922.349146,1168.115002,1293.918999,7951.640278,290.131369,c72f5b5d2a6053ea
gated_fixed_workers,3840,2160,12,0,1200,14,gated,961.800377,1128.178001,1254.212002,8290.583818,305.49578,c72f5b5d2a6053ea
gated_fixed_workers,3840,2160,12,0,1200,15,gated,944.862233,1098.189999,1141.354,8501.365528,295.497357,c72f5b5d2a6053ea
gated_fixed_workers,3840,2160,12,0,1200,15,baseline,981.819598,1229.304001,1322.383999,8348.404419,318.497215,c72f5b5d2a6053ea
gated_fixed_workers,1280,720,12,0,1200,15,gated,182.606959,216.740002,233.723999,1425.08801,73.03571,78444727a6ea1325
gated_fixed_workers,1280,720,12,0,1200,15,baseline,156.388343,177.934998,186.070999,1244.302902,54.705075,78444727a6ea1325
gated_fixed_workers,1920,1080,12,0,1200,15,gated,304.476999,344.327999,406.418999,2451.379247,90.035775,5a2bef157e634ce9
gated_fixed_workers,1920,1080,12,0,1200,15,baseline,295.959452,357.463001,390.376999,2362.389317,100.6587,5a2bef157e634ce9
gated_fixed_workers,1920,1080,12,0,1200,16,baseline,298.67335,334.918999,435.435001,2516.250308,95.043666,5a2bef157e634ce9
gated_fixed_workers,1920,1080,12,0,1200,16,gated,266.699792,334.719002,366.189999,2111.535616,85.815203,5a2bef157e634ce9
gated_fixed_workers,1280,720,12,0,1200,16,baseline,150.442917,167.434002,175.369999,1183.243531,50.42588,78444727a6ea1325
gated_fixed_workers,1280,720,12,0,1200,16,gated,151.090232,164.860001,175.349998,1226.946678,46.14524,78444727a6ea1325
gated_fixed_workers,3840,2160,12,0,1200,16,baseline,981.238203,1191.18,1240.105003,8261.428797,308.309489,c72f5b5d2a6053ea
gated_fixed_workers,3840,2160,12,0,1200,16,gated,917.937207,1070.796001,1114.290001,7878.775058,295.187647,c72f5b5d2a6053ea
gated_fixed_workers,1280,720,12,0,1200,17,gated,146.810299,154.420002,160.531002,1294.584825,44.908614,78444727a6ea1325
gated_fixed_workers,1280,720,12,0,1200,17,baseline,151.311857,164.449001,172.605,1167.867034,49.923391,78444727a6ea1325
gated_fixed_workers,1920,1080,12,0,1200,17,gated,293.792218,335.008999,495.240002,2640.942317,83.343057,5a2bef157e634ce9
gated_fixed_workers,1920,1080,12,0,1200,17,baseline,293.136436,319.540001,349.207001,2578.506764,91.447688,5a2bef157e634ce9
gated_fixed_workers,3840,2160,12,0,1200,17,gated,974.264737,1078.882,1130.211998,8785.603155,295.713777,c72f5b5d2a6053ea
gated_fixed_workers,3840,2160,12,0,1200,17,baseline,950.974273,1087.93,1136.353001,8606.883305,298.994254,c72f5b5d2a6053ea
gated_fixed_workers,3840,2160,12,0,1200,18,baseline,871.574147,1087.028,1146.864998,7805.944524,269.060844,c72f5b5d2a6053ea
gated_fixed_workers,3840,2160,12,0,1200,18,gated,877.321593,1062.671001,1130.011997,7690.139312,257.984783,c72f5b5d2a6053ea
gated_fixed_workers,1280,720,12,0,1200,18,baseline,171.453755,211.288998,219.806999,1355.88445,62.056588,78444727a6ea1325
gated_fixed_workers,1280,720,12,0,1200,18,gated,145.634672,168.527,180.880001,1197.459389,48.443555,78444727a6ea1325
gated_fixed_workers,1920,1080,12,0,1200,18,baseline,250.575728,311.965,322.345001,2118.472178,83.066942,5a2bef157e634ce9
gated_fixed_workers,1920,1080,12,0,1200,18,gated,246.412339,294.369999,306.585003,2009.761368,69.516165,5a2bef157e634ce9
gated_fixed_workers,1280,720,12,0,1200,19,gated,168.166872,211.759998,227.771999,1328.552921,54.756521,78444727a6ea1325
gated_fixed_workers,1280,720,12,0,1200,19,baseline,154.537273,172.374001,184.177002,1183.444368,52.559172,78444727a6ea1325
gated_fixed_workers,3840,2160,12,0,1200,19,gated,950.782022,1141.122997,1215.036999,8228.833866,281.675273,c72f5b5d2a6053ea
gated_fixed_workers,3840,2160,12,0,1200,19,baseline,965.757146,1176.561001,1303.227001,8259.127848,305.455013,c72f5b5d2a6053ea
gated_fixed_workers,1920,1080,12,0,1200,19,gated,273.382805,318.067001,344.146999,2252.909124,92.910228,5a2bef157e634ce9
gated_fixed_workers,1920,1080,12,0,1200,19,baseline,278.494578,334.037998,365.869999,2290.238865,96.322895,5a2bef157e634ce9
gated_fixed_workers,1280,720,12,16667,300,0,baseline,254.432957,345.48,421.828003,1765.955023,81.588483,ad72e11db84d4725
gated_fixed_workers,1280,720,12,16667,300,0,gated,393.850637,531.010002,702.372997,3165.58565,94.694183,ad72e11db84d4725
gated_fixed_workers,1920,1080,12,16667,300,0,baseline,591.210463,904.895,1011.841999,4675.812403,148.685076,0da0f68a5f10eaf7
gated_fixed_workers,1920,1080,12,16667,300,0,gated,585.581757,919.774002,997.945999,4831.233157,161.86429,0da0f68a5f10eaf7
gated_fixed_workers,1280,720,12,16667,300,1,gated,261.477377,351.550999,419.573002,1821.629753,74.307333,ad72e11db84d4725
gated_fixed_workers,1280,720,12,16667,300,1,baseline,299.631273,425.506001,467.527,2257.94413,100.57329,ad72e11db84d4725
gated_fixed_workers,1920,1080,12,16667,300,1,gated,604.836627,874.585999,927.738998,4987.212057,158.18194,0da0f68a5f10eaf7
gated_fixed_workers,1920,1080,12,16667,300,1,baseline,755.2329,1005.880001,1084.272999,6898.017897,176.105743,0da0f68a5f10eaf7
gated_fixed_workers,1280,720,12,16667,300,2,baseline,421.39224,532.000999,557.431,3574.46505,113.334393,ad72e11db84d4725
gated_fixed_workers,1280,720,12,16667,300,2,gated,351.708197,530.939999,549.446003,2734.050957,100.9761,ad72e11db84d4725
gated_fixed_workers,1920,1080,12,16667,300,2,baseline,531.498563,904.614998,986.243,4354.41279,142.889623,0da0f68a5f10eaf7
gated_fixed_workers,1920,1080,12,16667,300,2,gated,479.00439,592.669003,624.812,3799.64592,184.425687,0da0f68a5f10eaf7
gated_fixed_workers,1280,720,12,16667,300,3,gated,344.253833,515.089001,537.262001,2650.17218,103.689703,ad72e11db84d4725
gated_fixed_workers,1280,720,12,16667,300,3,baseline,432.93175,543.133999,570.196003,3649.690573,114.077787,ad72e11db84d4725
gated_fixed_workers,1920,1080,12,16667,300,3,gated,700.564257,957.437,1041.078999,6260.736683,159.87461,0da0f68a5f10eaf7
gated_fixed_workers,1920,1080,12,16667,300,3,baseline,656.651227,947.598,1033.715,5484.078303,163.66643,0da0f68a5f10eaf7
gated_fixed_workers,1280,720,12,16667,300,4,baseline,263.114863,325.702,348.977001,1882.735173,78.53942,ad72e11db84d4725
gated_fixed_workers,1280,720,12,16667,300,4,gated,338.438643,472.506001,516.502003,2597.893483,96.457567,ad72e11db84d4725
gated_fixed_workers,1920,1080,12,16667,300,4,baseline,458.002503,522.883999,690.839001,3785.058513,133.652503,0da0f68a5f10eaf7
gated_fixed_workers,1920,1080,12,16667,300,4,gated,428.671373,625.373001,808.027,3197.414633,121.150117,0da0f68a5f10eaf7
gated_fixed_workers,1920,1080,12,16667,300,5,gated,404.067433,501.172001,584.904999,3108.39409,121.846923,0da0f68a5f10eaf7
gated_fixed_workers,1920,1080,12,16667,300,5,baseline,473.215733,706.209999,941.146,3717.58296,138.575473,0da0f68a5f10eaf7
gated_fixed_workers,1280,720,12,16667,300,5,gated,316.90111,475.562,507.955002,2377.260847,89.673577,ad72e11db84d4725
gated_fixed_workers,1280,720,12,16667,300,5,baseline,268.787133,434.392998,503.195999,1966.298803,80.33624,ad72e11db84d4725
gated_fixed_workers,1280,720,12,16667,300,6,baseline,277.953347,373.695,477.876999,1940.464787,89.797993,ad72e11db84d4725
gated_fixed_workers,1280,720,12,16667,300,6,gated,353.44432,518.055,547.783001,3011.381187,86.319763,ad72e11db84d4725
gated_fixed_workers,1920,1080,12,16667,300,6,baseline,476.514893,662.995998,741.528,3459.935357,137.091997,0da0f68a5f10eaf7
gated_fixed_workers,1920,1080,12,16667,300,6,gated,579.657357,877.802998,960.453003,4667.88994,151.87642,0da0f68a5f10eaf7
gated_fixed_workers,1920,1080,12,16667,300,7,gated,644.918553,879.757,924.774002,5471.18586,169.165803,0da0f68a5f10eaf7
gated_fixed_workers,1920,1080,12,16667,300,7,baseline,596.625763,888.141998,980.562,5212.89758,158.354827,0da0f68a5f10eaf7
gated_fixed_workers,1280,720,12,16667,300,7,gated,322.37363,442.468998,480.993,2360.120363,76.956203,ad72e11db84d4725
gated_fixed_workers,1280,720,12,16667,300,7,baseline,268.73682,339.899002,653.818001,1930.7868,86.608747,ad72e11db84d4725
gated_fixed_workers,1920,1080,12,16667,300,8,baseline,548.34018,880.408001,964.631001,4614.734487,159.057607,0da0f68a5f10eaf7
gated_fixed_workers,1920,1080,12,16667,300,8,gated,538.32836,781.095001,857.713997,4207.134527,172.795287,0da0f68a5f10eaf7
gated_fixed_workers,1280,720,12,16667,300,8,baseline,396.018863,518.406002,554.896,3258.529723,98.318866,ad72e11db84d4725
gated_fixed_workers,1280,720,12,16667,300,8,gated,293.01768,442.127998,530.128002,2214.072177,80.073573,ad72e11db84d4725
gated_fixed_workers,1920,1080,12,16667,300,9,gated,502.39219,771.376999,899.142998,3890.688567,132.27126,0da0f68a5f10eaf7
gated_fixed_workers,1920,1080,12,16667,300,9,baseline,437.882583,513.736,586.196999,3388.646957,134.072567,0da0f68a5f10eaf7
gated_fixed_workers,1280,720,12,16667,300,9,gated,301.320613,395.146,436.245998,2261.434567,100.841493,ad72e11db84d4725
gated_fixed_workers,1280,720,12,16667,300,9,baseline,381.491743,533.475002,563.112,2999.11801,118.714977,ad72e11db84d4725
gated_automatic_workers,1280,720,8,0,1200,0,baseline,159.792741,178.607002,197.012001,1198.217068,53.682505,78444727a6ea1325
gated_automatic_workers,1280,720,8,0,1200,0,gated,139.791359,163.928001,175.389999,1015.193506,46.79209,78444727a6ea1325
gated_automatic_workers,1280,720,8,0,1200,1,gated,149.405943,178.024998,185.991001,1096.010026,57.54839,78444727a6ea1325
gated_automatic_workers,1280,720,8,0,1200,1,baseline,157.848227,175.501003,182.573997,1194.515696,56.374805,78444727a6ea1325
gated_automatic_workers,1280,720,8,0,1200,2,baseline,158.255743,183.266003,194.347,1158.18308,57.566006,78444727a6ea1325
gated_automatic_workers,1280,720,8,0,1200,2,gated,160.193147,178.806999,190.107998,1120.856184,55.801002,78444727a6ea1325
gated_automatic_workers,1280,720,8,0,1200,3,gated,155.845175,186.570999,203.975002,1136.969849,56.720594,78444727a6ea1325
gated_automatic_workers,1280,720,8,0,1200,3,baseline,157.034357,170.911999,183.726002,1162.08726,56.433783,78444727a6ea1325
gated_automatic_workers,1280,720,8,0,1200,4,baseline,156.634708,170.07,183.827,1164.609237,54.840528,78444727a6ea1325
gated_automatic_workers,1280,720,8,0,1200,4,gated,150.063818,173.897999,192.483997,1077.844649,50.488015,78444727a6ea1325
gated_automatic_workers,1280,720,8,0,1200,5,gated,143.39674,162.093998,173.535999,1083.855711,47.927587,78444727a6ea1325
gated_automatic_workers,1280,720,8,0,1200,5,baseline,149.649475,171.212002,179.408001,1108.504321,51.548282,78444727a6ea1325
gated_automatic_workers,1280,720,8,0,1200,6,baseline,152.317813,177.183998,185.569,1088.517527,49.298406,78444727a6ea1325
gated_automatic_workers,1280,720,8,0,1200,6,gated,149.391762,167.364998,188.855999,1116.335795,47.366871,78444727a6ea1325
gated_automatic_workers,1280,720,8,0,1200,7,gated,150.93666,168.547001,181.621998,1136.26956,48.511226,78444727a6ea1325
gated_automatic_workers,1280,720,8,0,1200,7,baseline,161.486105,176.272003,184.297001,1153.070983,54.37529,78444727a6ea1325
gated_automatic_workers,1280,720,8,0,1200,8,baseline,178.282713,193.776001,200.549,1333.486219,66.759411,78444727a6ea1325
gated_automatic_workers,1280,720,8,0,1200,8,gated,149.9259,167.656002,180.089001,1104.904752,50.905916,78444727a6ea1325
gated_automatic_workers,1280,720,8,0,1200,9,gated,157.440596,183.826,195.82,1150.377179,56.71732,78444727a6ea1325
gated_automatic_workers,1280,720,8,0,1200,9,baseline,161.323379,177.574001,183.246002,1177.944501,54.312498,78444727a6ea1325
gated_automatic_workers,1280,720,8,0,1200,10,baseline,155.335894,169.148003,180.831001,1179.192859,53.131017,78444727a6ea1325
gated_automatic_workers,1280,720,8,0,1200,10,gated,134.534307,162.405003,175.68,978.636218,44.526193,78444727a6ea1325
gated_automatic_workers,1280,720,8,0,1200,11,gated,126.6704,150.803001,162.485001,970.356515,42.484153,78444727a6ea1325
gated_automatic_workers,1280,720,8,0,1200,11,baseline,157.889745,188.094997,203.194,1120.670006,63.331128,78444727a6ea1325
gated_automatic_workers,1280,720,8,0,1200,12,baseline,162.722014,171.312,219.325001,1236.88793,59.324702,78444727a6ea1325
gated_automatic_workers,1280,720,8,0,1200,12,gated,141.884871,158.618,176.341999,1064.621283,46.485319,78444727a6ea1325
gated_automatic_workers,1280,720,8,0,1200,13,gated,142.89741,167.775997,177.915001,1044.113802,48.181669,78444727a6ea1325
gated_automatic_workers,1280,720,8,0,1200,13,baseline,159.965255,176.934002,185.610001,1153.391789,54.756776,78444727a6ea1325
gated_automatic_workers,1280,720,8,0,1200,14,baseline,178.33512,194.757,223.444,1208.408766,66.203023,78444727a6ea1325
gated_automatic_workers,1280,720,8,0,1200,14,gated,151.364829,168.236,179.218002,1199.628676,50.368029,78444727a6ea1325
gated_automatic_workers,1280,720,8,0,1200,15,gated,155.220005,163.747997,241.198002,1268.538348,51.310647,78444727a6ea1325
gated_automatic_workers,1280,720,8,0,1200,15,baseline,180.688196,252.689999,369.487,1300.093566,63.032516,78444727a6ea1325
gated_automatic_workers,1280,720,8,0,1200,16,baseline,171.456427,221.219002,272.467999,1261.378467,57.200972,78444727a6ea1325
gated_automatic_workers,1280,720,8,0,1200,16,gated,171.455218,190.5,213.634998,1201.241958,60.861965,78444727a6ea1325
gated_automatic_workers,1280,720,8,0,1200,17,gated,165.861153,183.105,200.268002,1193.582623,56.379426,78444727a6ea1325
gated_automatic_workers,1280,720,8,0,1200,17,baseline,170.384448,194.428001,277.948997,1207.794612,59.511258,78444727a6ea1325
gated_automatic_workers,1280,720,8,0,1200,18,baseline,164.428655,185.289001,198.896,1131.505657,56.054197,78444727a6ea1325
gated_automatic_workers,1280,720,8,0,1200,18,gated,170.137727,198.304001,213.815002,1268.128376,58.87627,78444727a6ea1325
gated_automatic_workers,1280,720,8,0,1200,19,gated,161.458661,180.269001,193.544998,1140.4293,58.207254,78444727a6ea1325
gated_automatic_workers,1280,720,8,0,1200,19,baseline,165.213988,177.273003,195.949997,1235.765438,62.059748,78444727a6ea1325
gated_automatic_workers,3840,2160,16,0,1200,0,baseline,986.561193,1141.935001,1189.748001,9059.106416,286.535647,c72f5b5d2a6053ea
gated_automatic_workers,3840,2160,16,0,1200,0,gated,977.749135,1136.755001,1214.726002,9041.458661,277.711865,c72f5b5d2a6053ea
gated_automatic_workers,3840,2160,16,0,1200,1,gated,1059.831662,1263.841,1716.087997,9886.953653,307.897722,c72f5b5d2a6053ea
gated_automatic_workers,3840,2160,16,0,1200,1,baseline,998.732127,1161.542999,1239.695,9328.275457,290.826211,c72f5b5d2a6053ea
gated_automatic_workers,3840,2160,16,0,1200,2,baseline,940.170892,1106.616001,1174.999001,8780.772873,283.790048,c72f5b5d2a6053ea
gated_automatic_workers,3840,2160,16,0,1200,2,gated,929.213033,1109.641998,1198.104,8740.405421,277.200436,c72f5b5d2a6053ea
gated_automatic_workers,3840,2160,16,0,1200,3,gated,988.48238,1165.529999,1230.316002,9303.873375,292.095333,c72f5b5d2a6053ea
gated_automatic_workers,3840,2160,16,0,1200,3,baseline,950.629027,1096.185997,1175.549999,8923.951678,277.063193,c72f5b5d2a6053ea
gated_automatic_workers,3840,2160,16,0,1200,4,baseline,946.120054,1105.273998,1200.487999,8577.61973,276.402054,c72f5b5d2a6053ea
gated_automatic_workers,3840,2160,16,0,1200,4,gated,902.589427,1084.363003,1145.612,8455.104816,275.6248,c72f5b5d2a6053ea
gated_automatic_workers,3840,2160,16,0,1200,5,gated,950.355995,1064.725998,1111.526001,9015.340362,266.209632,c72f5b5d2a6053ea
gated_automatic_workers,3840,2160,16,0,1200,5,baseline,950.495361,1082.379997,1136.683998,8995.089566,268.338935,c72f5b5d2a6053ea
gated_automatic_workers,3840,2160,16,0,1200,6,baseline,981.463632,1125.112,1171.431999,8951.749107,290.718872,c72f5b5d2a6053ea
gated_automatic_workers,3840,2160,16,0,1200,6,gated,1012.436459,1178.896999,1329.248001,9278.822871,287.517292,c72f5b5d2a6053ea
gated_automatic_workers,3840,2160,16,0,1200,7,gated,937.300578,1079.674,1126.695999,8688.157479,256.943011,c72f5b5d2a6053ea
gated_automatic_workers,3840,2160,16,0,1200,7,baseline,930.337835,1079.504002,1158.777,8748.643811,277.570306,c72f5b5d2a6053ea
gated_automatic_workers,3840,2160,16,0,1200,8,baseline,939.363904,1151.883999,1221.368999,8937.230379,291.037657,c72f5b5d2a6053ea
gated_automatic_workers,3840,2160,16,0,1200,8,gated,932.533252,1098.460003,1173.175999,9106.816711,286.804371,c72f5b5d2a6053ea
gated_automatic_workers,3840,2160,16,0,1200,9,gated,970.061224,1110.204002,1188.654999,8866.593774,276.050135,c72f5b5d2a6053ea
gated_automatic_workers,3840,2160,16,0,1200,9,baseline,984.831398,1103.619999,1215.408001,9771.491704,280.973374,c72f5b5d2a6053ea
gated_automatic_workers,3840,2160,16,0,1200,10,baseline,929.820725,1129.750999,1240.887001,8673.647834,279.655758,c72f5b5d2a6053ea
gated_automatic_workers,3840,2160,16,0,1200,10,gated,860.126277,1055.177002,1094.101997,8384.027996,274.903031,c72f5b5d2a6053ea
gated_automatic_workers,3840,2160,16,0,1200,11,gated,893.987005,1076.658001,1144.039001,8510.738833,276.89342,c72f5b5d2a6053ea
gated_automatic_workers,3840,2160,16,0,1200,11,baseline,902.095547,1113.450001,1189.357002,8730.644662,304.586682,c72f5b5d2a6053ea
gated_automatic_workers,3840,2160,16,0,1200,12,baseline,962.673423,1141.584,1249.263,8959.542589,295.8132,c72f5b5d2a6053ea
gated_automatic_workers,3840,2160,16,0,1200,12,gated,987.079242,1119.530998,1185.830002,8974.422728,271.440379,c72f5b5d2a6053ea
gated_automatic_workers,3840,2160,16,0,1200,13,gated,1013.309645,1138.167999,1298.609001,9395.247728,281.202422,c72f5b5d2a6053ea
gated_automatic_workers,3840,2160,16,0,1200,13,baseline,1063.067961,1185.429001,1578.591,10201.949867,282.429721,c72f5b5d2a6053ea
gated_automatic_workers,3840,2160,16,0,1200,14,baseline,1014.197002,1192.181999,1546.109001,9360.153006,297.603024,c72f5b5d2a6053ea
gated_automatic_workers,3840,2160,16,0,1200,14,gated,963.045931,1132.375999,1342.874001,8992.537983,275.008456,c72f5b5d2a6053ea
gated_automatic_workers,3840,2160,16,0,1200,15,gated,949.092896,1085.664997,1149.48,8691.321623,266.442432,c72f5b5d2a6053ea
gated_automatic_workers,3840,2160,16,0,1200,15,baseline,958.66878,1107.859001,1169.899002,8577.255184,276.123454,c72f5b5d2a6053ea
gated_automatic_workers,3840,2160,16,0,1200,16,baseline,987.373789,1134.760998,1228.522999,9089.028593,278.718123,c72f5b5d2a6053ea
gated_automatic_workers,3840,2160,16,0,1200,16,gated,1052.181302,1155.121002,1578.280998,9973.661817,270.176316,c72f5b5d2a6053ea
gated_automatic_workers,3840,2160,16,0,1200,17,gated,935.308723,1104.132,1192.993999,8666.224093,273.658403,c72f5b5d2a6053ea
gated_automatic_workers,3840,2160,16,0,1200,17,baseline,903.887683,1085.786003,1224.023998,8694.231113,287.090177,c72f5b5d2a6053ea
gated_automatic_workers,3840,2160,16,0,1200,18,baseline,945.562128,1110.354,1167.324001,8806.720164,300.16536,c72f5b5d2a6053ea
gated_automatic_workers,3840,2160,16,0,1200,18,gated,936.323557,1105.253002,1170.470001,8659.574197,277.240077,c72f5b5d2a6053ea
gated_automatic_workers,3840,2160,16,0,1200,19,gated,988.274057,1099.963001,1153.276997,8784.093957,263.819963,c72f5b5d2a6053ea
gated_automatic_workers,3840,2160,16,0,1200,19,baseline,958.03784,1089.983997,1131.724998,8980.394934,286.111644,c72f5b5d2a6053ea
gated_automatic_workers,1280,720,8,16667,300,0,baseline,410.51366,581.508003,607.899002,3270.586263,112.23222,ad72e11db84d4725
gated_automatic_workers,1280,720,8,16667,300,0,gated,258.371047,329.539001,358.565002,1674.1828,81.532123,ad72e11db84d4725
gated_automatic_workers,1280,720,8,16667,300,1,gated,391.72468,527.963997,550.728001,3071.465907,91.910313,ad72e11db84d4725
gated_automatic_workers,1280,720,8,16667,300,1,baseline,332.817393,515.149002,564.064999,2306.158147,114.32101,ad72e11db84d4725
gated_automatic_workers,1280,720,8,16667,300,2,baseline,386.635547,554.004002,588.271,2883.645197,112.382453,ad72e11db84d4725
gated_automatic_workers,1280,720,8,16667,300,2,gated,335.412717,455.072998,473.417999,2260.879763,104.987643,ad72e11db84d4725
gated_automatic_workers,1280,720,8,16667,300,3,gated,273.748347,401.429001,436.066002,1778.06541,82.163653,ad72e11db84d4725
gated_automatic_workers,1280,720,8,16667,300,3,baseline,345.36648,512.323997,553.304001,2573.744847,97.535337,ad72e11db84d4725
gated_automatic_workers,1280,720,8,16667,300,4,baseline,478.09879,570.847,587.299999,3933.663173,126.298673,ad72e11db84d4725
gated_automatic_workers,1280,720,8,16667,300,4,gated,434.925297,559.615002,586.577999,3533.796927,107.687467,ad72e11db84d4725
gated_automatic_workers,1280,720,8,16667,300,5,gated,420.557393,552.771999,580.365997,3150.62631,113.255233,ad72e11db84d4725
gated_automatic_workers,1280,720,8,16667,300,5,baseline,359.223673,498.327,546.129002,2511.3125,109.685527,ad72e11db84d4725
gated_automatic_workers,1280,720,8,16667,300,6,baseline,294.497543,350.759998,382.582001,1893.290223,111.227103,ad72e11db84d4725
gated_automatic_workers,1280,720,8,16667,300,6,gated,446.877443,558.813999,580.466,3433.464427,110.729597,ad72e11db84d4725
gated_automatic_workers,1280,720,8,16667,300,7,gated,291.27168,391.609001,449.292,1960.04569,107.079123,ad72e11db84d4725
gated_automatic_workers,1280,720,8,16667,300,7,baseline,329.77399,516.963001,559.966,2359.991693,104.17902,ad72e11db84d4725
gated_automatic_workers,1280,720,8,16667,300,8,baseline,271.31165,337.995998,372.121998,1818.100343,88.992323,ad72e11db84d4725
gated_automatic_workers,1280,720,8,16667,300,8,gated,331.845187,463.939999,510.52,2383.253763,93.353837,ad72e11db84d4725
gated_automatic_workers,1280,720,8,16667,300,9,gated,279.272833,407.220001,491.513,1850.448407,83.6394,ad72e11db84d4725
gated_automatic_workers,1280,720,8,16667,300,9,baseline,309.442533,417.240002,441.907001,2049.02302,106.565313,ad72e11db84d4725
bounded_row_selection,1280,720,8,0,1200,0,baseline,154.44311,187.674,201.740997,1145.15261,55.035341,78444727a6ea1325
bounded_row_selection,1280,720,8,0,1200,0,final,148.329951,166.603001,175.439999,1053.586554,49.112873,78444727a6ea1325
bounded_row_selection,1280,720,8,0,1200,1,final,153.497647,171.132,187.263,1095.601838,49.870902,78444727a6ea1325
bounded_row_selection,1280,720,8,0,1200,1,baseline,155.099746,179.979,191.341999,1115.46535,57.691058,78444727a6ea1325
bounded_row_selection,1280,720,8,0,1200,2,baseline,162.695588,172.775997,204.786999,1217.054202,59.780949,78444727a6ea1325
bounded_row_selection,1280,720,8,0,1200,2,final,153.778634,168.516998,183.255001,1169.34311,54.141808,78444727a6ea1325
bounded_row_selection,1280,720,8,0,1200,3,final,153.306682,168.266998,184.007,1208.102878,51.277628,78444727a6ea1325
bounded_row_selection,1280,720,8,0,1200,3,baseline,165.807251,196.831997,239.042999,1172.853877,62.123887,78444727a6ea1325
bounded_row_selection,1280,720,8,0,1200,4,baseline,156.896478,166.463001,195.239002,1268.350096,56.805492,78444727a6ea1325
bounded_row_selection,1280,720,8,0,1200,4,final,158.70139,174.718998,191.300999,1138.692843,54.67802,78444727a6ea1325
bounded_row_selection,1920,1080,12,0,1200,0,baseline,295.060374,316.053001,370.578999,2751.653672,89.241344,5a2bef157e634ce9
bounded_row_selection,1920,1080,12,0,1200,0,final,285.364473,317.425999,401.758999,2645.430487,79.115309,5a2bef157e634ce9
bounded_row_selection,1920,1080,12,0,1200,1,final,292.291563,363.925999,570.987999,2594.129496,82.193526,5a2bef157e634ce9
bounded_row_selection,1920,1080,12,0,1200,1,baseline,299.704174,367.764,396.068001,2428.340917,103.628539,5a2bef157e634ce9
bounded_row_selection,1920,1080,12,0,1200,2,baseline,297.243316,358.514999,441.515999,2474.840431,98.826426,5a2bef157e634ce9
bounded_row_selection,1920,1080,12,0,1200,2,final,296.690471,348.216,380.759003,2428.93623,100.371616,5a2bef157e634ce9
bounded_row_selection,1920,1080,12,0,1200,3,final,311.679227,389.976002,674.278,2601.940462,93.144661,5a2bef157e634ce9
bounded_row_selection,1920,1080,12,0,1200,3,baseline,297.54611,334.519001,387.0,2574.50939,96.017242,5a2bef157e634ce9
bounded_row_selection,1920,1080,12,0,1200,4,baseline,261.662746,324.668999,359.336998,2234.265778,88.333915,5a2bef157e634ce9
bounded_row_selection,1920,1080,12,0,1200,4,final,292.717034,339.778999,357.744003,2544.414652,86.226377,5a2bef157e634ce9
bounded_row_selection,1280,720,12,0,1200,0,baseline,156.147691,194.105999,220.428001,1201.467883,59.585682,78444727a6ea1325
bounded_row_selection,1280,720,12,0,1200,0,final,142.778762,163.687,190.919998,1193.244665,48.60676,78444727a6ea1325
bounded_row_selection,1280,720,12,0,1200,1,final,157.470011,186.311001,217.461998,1191.664183,53.581947,78444727a6ea1325
bounded_row_selection,1280,720,12,0,1200,1,baseline,174.535125,221.880001,245.936996,1364.513707,64.193785,78444727a6ea1325
bounded_row_selection,1280,720,12,0,1200,2,baseline,158.333149,195.368999,221.179001,1200.092907,60.630632,78444727a6ea1325
bounded_row_selection,1280,720,12,0,1200,2,final,153.548927,173.306,186.833,1223.797054,50.039293,78444727a6ea1325
bounded_row_selection,1280,720,12,0,1200,3,final,164.275792,188.977001,203.275002,1248.948072,55.636106,78444727a6ea1325
bounded_row_selection,1280,720,12,0,1200,3,baseline,160.103224,192.764,222.341,1262.65408,54.300786,78444727a6ea1325
bounded_row_selection,1280,720,12,0,1200,4,baseline,169.050963,195.207996,218.262997,1314.936017,62.198833,78444727a6ea1325
bounded_row_selection,1280,720,12,0,1200,4,final,169.828458,181.672001,187.392998,1372.034126,56.427669,78444727a6ea1325
bounded_row_selection,3840,2160,16,0,1200,0,baseline,960.114818,1116.255001,1205.489002,8702.57035,276.110337,c72f5b5d2a6053ea
bounded_row_selection,3840,2160,16,0,1200,0,final,1026.684793,1194.638,1326.373001,9657.305558,288.783506,c72f5b5d2a6053ea
bounded_row_selection,3840,2160,16,0,1200,1,final,1042.816068,1212.551998,1376.179001,9745.74941,292.327483,c72f5b5d2a6053ea
bounded_row_selection,3840,2160,16,0,1200,1,baseline,1021.484057,1246.898998,1317.977001,9713.399505,309.062234,c72f5b5d2a6053ea
bounded_row_selection,3840,2160,16,0,1200,2,baseline,898.239582,1099.944,1200.128002,8537.46821,290.196457,c72f5b5d2a6053ea
bounded_row_selection,3840,2160,16,0,1200,2,final,878.380678,1132.778,1248.531002,8397.483426,279.698073,c72f5b5d2a6053ea
bounded_row_selection,3840,2160,16,0,1200,3,final,986.495353,1208.283997,1324.238998,8994.589471,293.725059,c72f5b5d2a6053ea
bounded_row_selection,3840,2160,16,0,1200,3,baseline,966.849997,1208.343998,1369.997997,8795.822926,297.034237,c72f5b5d2a6053ea
bounded_row_selection,3840,2160,16,0,1200,4,baseline,928.387637,1114.361,1203.824997,8595.364894,279.183938,c72f5b5d2a6053ea
bounded_row_selection,3840,2160,16,0,1200,4,final,1006.582946,1235.317001,1353.946999,9566.898114,312.292892,c72f5b5d2a6053ea
bounded_frame_selection,1280,720,8,0,1200,0,baseline,170.880056,196.440998,204.857998,1217.239256,66.16976,78444727a6ea1325
bounded_frame_selection,1280,720,8,0,1200,0,gated,142.586318,164.229,169.908997,1019.431059,44.774128,78444727a6ea1325
bounded_frame_selection,1280,720,8,0,1200,1,gated,150.093562,165.230999,182.333,1067.623074,49.079617,78444727a6ea1325
bounded_frame_selection,1280,720,8,0,1200,1,baseline,159.530977,183.134998,194.627003,1173.552428,59.436994,78444727a6ea1325
bounded_frame_selection,1280,720,8,0,1200,2,baseline,157.68528,170.931999,188.526001,1233.387339,56.721235,78444727a6ea1325
bounded_frame_selection,1280,720,8,0,1200,2,gated,150.390233,162.966,176.322002,1177.523563,49.845741,78444727a6ea1325
bounded_frame_selection,1280,720,8,0,1200,3,gated,172.986057,207.242001,247.238998,1234.202992,62.300049,78444727a6ea1325
bounded_frame_selection,1280,720,8,0,1200,3,baseline,159.110294,187.624001,198.035004,1142.957689,57.034842,78444727a6ea1325
bounded_frame_selection,1280,720,8,0,1200,4,baseline,153.251542,167.876003,180.188999,1150.930501,54.182264,78444727a6ea1325
bounded_frame_selection,1280,720,8,0,1200,4,gated,154.941828,171.772999,184.377998,1104.489152,48.801446,78444727a6ea1325
bounded_frame_selection,1280,720,8,0,1200,5,gated,152.140608,167.053997,186.500999,1088.640403,56.181368,78444727a6ea1325
bounded_frame_selection,1280,720,8,0,1200,5,baseline,147.755989,166.932999,179.738003,1120.661119,47.94355,78444727a6ea1325
bounded_frame_selection,1280,720,8,0,1200,6,baseline,154.463355,180.199001,199.487,1105.085582,56.114072,78444727a6ea1325
bounded_frame_selection,1280,720,8,0,1200,6,gated,159.369727,180.910999,203.234001,1134.869834,55.030502,78444727a6ea1325
bounded_frame_selection,1280,720,8,0,1200,7,gated,145.790758,168.327,175.23,1041.225102,56.072444,78444727a6ea1325
bounded_frame_selection,1280,720,8,0,1200,7,baseline,180.093123,202.493,214.877003,1334.197663,72.245121,78444727a6ea1325
bounded_frame_selection,1280,720,8,0,1200,8,baseline,163.525828,193.675999,203.634998,1160.182725,60.160984,78444727a6ea1325
bounded_frame_selection,1280,720,8,0,1200,8,gated,129.640722,151.794003,163.105999,954.129563,41.447607,78444727a6ea1325
bounded_frame_selection,1280,720,8,0,1200,9,gated,159.369041,172.434002,177.965,1169.854623,53.906171,78444727a6ea1325
bounded_frame_selection,1280,720,8,0,1200,9,baseline,137.159963,155.170998,164.729,1031.385757,45.218609,78444727a6ea1325
bounded_frame_selection,1280,720,8,0,1200,10,baseline,156.677233,176.423,183.416,1126.642992,54.661573,78444727a6ea1325
bounded_frame_selection,1280,720,8,0,1200,10,gated,174.556249,203.303997,211.910999,1257.129771,68.362412,78444727a6ea1325
bounded_frame_selection,1280,720,8,0,1200,11,gated,150.018538,165.961998,175.850998,1109.615253,43.474952,78444727a6ea1325
bounded_frame_selection,1280,720,8,0,1200,11,baseline,146.827209,188.535999,197.232002,1075.407173,57.134388,78444727a6ea1325
bounded_frame_selection,1280,720,8,0,1200,12,baseline,163.689799,184.338001,194.056999,1142.671087,69.026121,78444727a6ea1325
bounded_frame_selection,1280,720,8,0,1200,12,gated,142.788617,166.683998,176.181999,1034.807608,45.548592,78444727a6ea1325
bounded_frame_selection,1280,720,8,0,1200,13,gated,156.417763,176.122002,198.023998,1147.709638,55.843903,78444727a6ea1325
bounded_frame_selection,1280,720,8,0,1200,13,baseline,156.153406,178.726002,208.985001,1109.748948,56.977457,78444727a6ea1325
bounded_frame_selection,1280,720,8,0,1200,14,baseline,160.462651,191.500999,211.940998,1140.554249,61.726919,78444727a6ea1325
bounded_frame_selection,1280,720,8,0,1200,14,gated,152.056114,208.032997,231.589001,1091.352334,50.572828,78444727a6ea1325
bounded_frame_selection,1280,720,8,0,1200,15,gated,146.95252,165.812,177.976002,1079.175929,47.874253,78444727a6ea1325
bounded_frame_selection,1280,720,8,0,1200,15,baseline,152.796395,169.569,184.478001,1142.073087,52.69339,78444727a6ea1325
bounded_frame_selection,1280,720,8,0,1200,16,baseline,156.386026,179.268002,187.954998,1077.596987,59.338328,78444727a6ea1325
bounded_frame_selection,1280,720,8,0,1200,16,gated,152.589199,170.119999,187.614002,1142.700487,53.906852,78444727a6ea1325
bounded_frame_selection,1280,720,8,0,1200,17,gated,152.729532,169.609001,185.48,1158.656988,51.314844,78444727a6ea1325
bounded_frame_selection,1280,720,8,0,1200,17,baseline,142.220142,170.870998,186.682003,1069.853404,49.642871,78444727a6ea1325
bounded_frame_selection,1280,720,8,0,1200,18,baseline,148.318214,169.007999,180.519997,1095.380818,52.199416,78444727a6ea1325
bounded_frame_selection,1280,720,8,0,1200,18,gated,151.487447,185.959999,194.396999,1081.1343,50.356332,78444727a6ea1325
bounded_frame_selection,1280,720,8,0,1200,19,gated,144.372844,171.132,181.872002,1034.321931,57.492235,78444727a6ea1325
bounded_frame_selection,1280,720,8,0,1200,19,baseline,140.592242,161.042999,172.794998,1039.711164,45.659485,78444727a6ea1325
bounded_frame_selection,1920,1080,12,0,1200,0,baseline,280.72579,337.575001,357.973999,2373.156552,91.077801,5a2bef157e634ce9
bounded_frame_selection,1920,1080,12,0,1200,0,gated,284.621389,310.392998,347.022999,2288.240713,85.755628,5a2bef157e634ce9
bounded_frame_selection,1920,1080,12,0,1200,1,gated,283.597617,321.393002,343.476002,2301.349027,89.393407,5a2bef157e634ce9
bounded_frame_selection,1920,1080,12,0,1200,1,baseline,297.947844,332.665001,360.408997,2522.11377,96.450988,5a2bef157e634ce9
bounded_frame_selection,1920,1080,12,0,1200,2,baseline,318.090338,359.838001,406.227997,2485.317834,104.799065,5a2bef157e634ce9
bounded_frame_selection,1920,1080,12,0,1200,2,gated,283.133964,327.355,354.296997,2332.32967,85.435534,5a2bef157e634ce9
bounded_frame_selection,1920,1080,12,0,1200,3,gated,276.811534,341.772999,361.361,2234.326942,93.611086,5a2bef157e634ce9
bounded_frame_selection,1920,1080,12,0,1200,3,baseline,276.246593,328.207001,349.286999,2255.400663,95.409788,5a2bef157e634ce9
bounded_frame_selection,1920,1080,12,0,1200,4,baseline,300.555169,343.386002,353.084999,2479.306539,102.797468,5a2bef157e634ce9
bounded_frame_selection,1920,1080,12,0,1200,4,gated,254.743488,297.376999,312.206001,2113.804978,79.833887,5a2bef157e634ce9
bounded_frame_selection,1920,1080,12,0,1200,5,gated,279.788826,326.953999,353.585999,2306.931911,96.322009,5a2bef157e634ce9
bounded_frame_selection,1920,1080,12,0,1200,5,baseline,292.918484,346.452,371.681,2450.021409,106.086493,5a2bef157e634ce9
bounded_frame_selection,1920,1080,12,0,1200,6,baseline,333.14315,385.266998,411.739002,2700.962077,130.321778,5a2bef157e634ce9
bounded_frame_selection,1920,1080,12,0,1200,6,gated,260.197584,313.718002,343.716,2101.664334,77.52666,5a2bef157e634ce9
bounded_frame_selection,1920,1080,12,0,1200,7,gated,276.703738,317.777,344.628002,2204.790156,82.993345,5a2bef157e634ce9
bounded_frame_selection,1920,1080,12,0,1200,7,baseline,383.244747,505.451,2103.669998,2654.840487,138.34522,5a2bef157e634ce9
bounded_frame_selection,1920,1080,12,0,1200,8,baseline,258.096734,330.541,362.944,2202.427947,92.031762,5a2bef157e634ce9
bounded_frame_selection,1920,1080,12,0,1200,8,gated,260.0156,324.469002,338.175999,2125.714218,82.515757,5a2bef157e634ce9
bounded_frame_selection,1920,1080,12,0,1200,9,gated,273.031265,315.893002,327.946003,2196.865819,82.242722,5a2bef157e634ce9
bounded_frame_selection,1920,1080,12,0,1200,9,baseline,296.503847,337.455002,355.249001,2423.90254,101.247942,5a2bef157e634ce9
bounded_frame_selection,1920,1080,12,0,1200,10,baseline,281.027063,334.970001,358.856003,2268.79164,94.209032,5a2bef157e634ce9
bounded_frame_selection,1920,1080,12,0,1200,10,gated,281.208248,310.041,327.465,2263.035847,82.334825,5a2bef157e634ce9
bounded_frame_selection,1920,1080,12,0,1200,11,gated,259.246382,305.793999,326.163002,2068.759925,76.72825,5a2bef157e634ce9
bounded_frame_selection,1920,1080,12,0,1200,11,baseline,329.285718,380.157001,396.459,2762.495662,113.221302,5a2bef157e634ce9
bounded_frame_selection,1920,1080,12,0,1200,12,baseline,290.960985,334.718998,353.995998,2425.463697,102.791886,5a2bef157e634ce9
bounded_frame_selection,1920,1080,12,0,1200,12,gated,283.29119,302.636997,314.811001,2472.057757,82.319455,5a2bef157e634ce9
bounded_frame_selection,1920,1080,12,0,1200,13,gated,279.49322,328.537998,359.848,2229.394351,87.339551,5a2bef157e634ce9
bounded_frame_selection,1920,1080,12,0,1200,13,baseline,298.848854,368.405003,383.243,2483.602604,105.321158,5a2bef157e634ce9
bounded_frame_selection,1920,1080,12,0,1200,14,baseline,273.593457,330.851997,353.094997,2201.536737,96.194058,5a2bef157e634ce9
bounded_frame_selection,1920,1080,12,0,1200,14,gated,262.069405,305.762997,333.076,2093.89209,83.783202,5a2bef157e634ce9
bounded_frame_selection,1920,1080,12,0,1200,15,gated,305.567008,374.676998,397.029999,2427.592795,108.006933,5a2bef157e634ce9
bounded_frame_selection,1920,1080,12,0,1200,15,baseline,284.053977,342.413998,359.899002,2332.798508,97.334783,5a2bef157e634ce9
bounded_frame_selection,1920,1080,12,0,1200,16,baseline,289.156783,313.878998,359.377003,2489.353696,90.381419,5a2bef157e634ce9
bounded_frame_selection,1920,1080,12,0,1200,16,gated,283.107745,304.490002,316.684002,2408.662651,80.055311,5a2bef157e634ce9
bounded_frame_selection,1920,1080,12,0,1200,17,gated,283.256757,302.607002,342.864998,2540.262467,79.046523,5a2bef157e634ce9
bounded_frame_selection,1920,1080,12,0,1200,17,baseline,308.17858,371.981998,516.482002,2736.251996,98.842265,5a2bef157e634ce9
bounded_frame_selection,1920,1080,12,0,1200,18,baseline,350.551393,458.389,993.566998,2842.462333,120.283267,5a2bef157e634ce9
bounded_frame_selection,1920,1080,12,0,1200,18,gated,277.09877,303.007,330.060001,2638.428478,76.830992,5a2bef157e634ce9
bounded_frame_selection,1920,1080,12,0,1200,19,gated,277.42238,293.799999,323.628002,2614.109492,77.68967,5a2bef157e634ce9
bounded_frame_selection,1920,1080,12,0,1200,19,baseline,293.042447,301.124001,345.359997,2677.482809,87.648095,5a2bef157e634ce9
bounded_frame_selection,1280,720,12,0,1200,0,baseline,151.543773,167.205002,210.038002,1330.561679,48.455147,78444727a6ea1325
bounded_frame_selection,1280,720,12,0,1200,0,gated,144.267308,165.220001,173.014999,1118.952327,50.203943,78444727a6ea1325
bounded_frame_selection,1280,720,12,0,1200,1,gated,149.130554,164.418999,180.119999,1193.892632,48.656402,78444727a6ea1325
bounded_frame_selection,1280,720,12,0,1200,1,baseline,151.581693,163.617001,186.152,1283.612756,48.155778,78444727a6ea1325
bounded_frame_selection,1280,720,12,0,1200,2,baseline,149.2233,164.778999,179.408001,1239.408605,48.584735,78444727a6ea1325
bounded_frame_selection,1280,720,12,0,1200,2,gated,154.800194,173.285999,185.319,1245.232063,51.671747,78444727a6ea1325
bounded_frame_selection,1280,720,12,0,1200,3,gated,151.645008,168.207001,179.899002,1266.689663,49.542233,78444727a6ea1325
bounded_frame_selection,1280,720,12,0,1200,3,baseline,150.001456,167.684998,180.620998,1164.586297,53.888989,78444727a6ea1325
bounded_frame_selection,1280,720,12,0,1200,4,baseline,153.21727,170.18,178.776001,1182.090115,53.071309,78444727a6ea1325
bounded_frame_selection,1280,720,12,0,1200,4,gated,155.175777,175.069,186.150997,1224.373267,50.730078,78444727a6ea1325
bounded_frame_selection,1280,720,12,0,1200,5,gated,152.566066,163.167,175.630001,1252.411204,49.121611,78444727a6ea1325
bounded_frame_selection,1280,720,12,0,1200,5,baseline,153.446863,162.986,179.859001,1269.690729,48.612622,78444727a6ea1325
bounded_frame_selection,1280,720,12,0,1200,6,baseline,151.115702,168.246998,179.678997,1205.309017,49.562692,78444727a6ea1325
bounded_frame_selection,1280,720,12,0,1200,6,gated,165.461693,193.875999,205.829998,1256.245536,63.50901,78444727a6ea1325
bounded_frame_selection,1280,720,12,0,1200,7,gated,168.593207,182.433998,192.072002,1331.844237,58.58986,78444727a6ea1325
bounded_frame_selection,1280,720,12,0,1200,7,baseline,152.182798,174.418999,193.003998,1156.691383,54.577774,78444727a6ea1325
bounded_frame_selection,1280,720,12,0,1200,8,baseline,148.856978,165.421001,174.668999,1194.771119,50.060526,78444727a6ea1325
bounded_frame_selection,1280,720,12,0,1200,8,gated,148.575997,165.620998,177.855003,1194.848229,53.568013,78444727a6ea1325
bounded_frame_selection,1280,720,12,0,1200,9,gated,151.232719,165.049999,173.867001,1292.345824,48.993281,78444727a6ea1325
bounded_frame_selection,1280,720,12,0,1200,9,baseline,151.623439,166.251999,175.349998,1252.765937,48.900632,78444727a6ea1325
bounded_frame_selection,1280,720,12,0,1200,10,baseline,151.235802,169.138,176.933998,1228.125268,49.66751,78444727a6ea1325
bounded_frame_selection,1280,720,12,0,1200,10,gated,157.628485,182.695,190.269001,1211.529932,54.171281,78444727a6ea1325
bounded_frame_selection,1280,720,12,0,1200,11,gated,144.958208,167.625,172.014,1172.900347,49.014159,78444727a6ea1325
bounded_frame_selection,1280,720,12,0,1200,11,baseline,146.310601,167.855999,178.076,1189.879379,54.888542,78444727a6ea1325
bounded_frame_selection,1280,720,12,0,1200,12,baseline,140.533185,164.459,174.138,1103.863011,47.030051,78444727a6ea1325
bounded_frame_selection,1280,720,12,0,1200,12,gated,161.86768,188.084999,208.645,1333.200727,55.202947,78444727a6ea1325
bounded_frame_selection,1280,720,12,0,1200,13,gated,150.919539,174.799004,181.911999,1160.404919,55.350667,78444727a6ea1325
bounded_frame_selection,1280,720,12,0,1200,13,baseline,159.55468,174.859997,186.382,1214.462967,57.487935,78444727a6ea1325
bounded_frame_selection,1280,720,12,0,1200,14,baseline,151.024662,157.716003,163.878002,1351.516227,47.87553,78444727a6ea1325
bounded_frame_selection,1280,720,12,0,1200,14,gated,142.18197,166.193001,179.298,1123.19479,47.667078,78444727a6ea1325
bounded_frame_selection,1280,720,12,0,1200,15,gated,146.086772,157.336002,167.976002,1185.911053,47.279681,78444727a6ea1325
bounded_frame_selection,1280,720,12,0,1200,15,baseline,156.028991,199.195999,208.264,1192.491498,52.888003,78444727a6ea1325
bounded_frame_selection,1280,720,12,0,1200,16,baseline,152.210073,173.216003,179.729,1168.225517,56.398154,78444727a6ea1325
bounded_frame_selection,1280,720,12,0,1200,16,gated,153.356458,185.379997,201.992001,1194.448757,53.900295,78444727a6ea1325
bounded_frame_selection,1280,720,12,0,1200,17,gated,139.335256,164.209,173.908001,1093.498592,52.081972,78444727a6ea1325
bounded_frame_selection,1280,720,12,0,1200,17,baseline,142.852939,161.624001,166.542999,1148.414237,50.81535,78444727a6ea1325
bounded_frame_selection,1280,720,12,0,1200,18,baseline,156.611302,171.793999,180.59,1214.957762,53.186397,78444727a6ea1325
bounded_frame_selection,1280,720,12,0,1200,18,gated,152.871104,174.609001,184.787998,1167.141217,56.265414,78444727a6ea1325
bounded_frame_selection,1280,720,12,0,1200,19,gated,151.017847,182.364002,196.25,1184.76265,53.350159,78444727a6ea1325
bounded_frame_selection,1280,720,12,0,1200,19,baseline,179.2124,213.344002,226.578999,1430.048608,70.401627,78444727a6ea1325
bounded_frame_selection,3840,2160,16,0,1200,0,baseline,880.275789,1073.603001,1181.562,8536.025413,288.287134,c72f5b5d2a6053ea
bounded_frame_selection,3840,2160,16,0,1200,0,gated,902.344258,1063.443001,1118.439003,8618.97506,270.482986,c72f5b5d2a6053ea
bounded_frame_selection,3840,2160,16,0,1200,1,gated,902.749478,1116.506001,1196.721001,8854.790712,278.698866,c72f5b5d2a6053ea
bounded_frame_selection,3840,2160,16,0,1200,1,baseline,891.473442,1082.240002,1160.361,8242.551881,278.519588,c72f5b5d2a6053ea
bounded_frame_selection,3840,2160,16,0,1200,2,baseline,928.877284,1103.239998,1174.438,8583.506015,283.01917,c72f5b5d2a6053ea
bounded_frame_selection,3840,2160,16,0,1200,2,gated,932.314157,1090.776001,1147.535999,8443.019745,269.895449,c72f5b5d2a6053ea
bounded_frame_selection,3840,2160,16,0,1200,3,gated,880.298879,1063.783001,1125.514,8243.005032,266.370979,c72f5b5d2a6053ea
bounded_frame_selection,3840,2160,16,0,1200,3,baseline,958.675735,1114.763,1254.072998,9444.267233,277.688778,c72f5b5d2a6053ea
bounded_frame_selection,3840,2160,16,0,1200,4,baseline,942.329139,1100.846001,1182.644001,9002.660823,289.288858,c72f5b5d2a6053ea
bounded_frame_selection,3840,2160,16,0,1200,4,gated,903.049601,1064.144001,1163.077,8731.930284,282.250844,c72f5b5d2a6053ea
bounded_frame_selection,3840,2160,16,0,1200,5,gated,853.311686,1059.385002,1111.055,8257.455748,271.352576,c72f5b5d2a6053ea
bounded_frame_selection,3840,2160,16,0,1200,5,baseline,975.117428,1084.363003,1133.689999,9409.599568,265.919478,c72f5b5d2a6053ea
bounded_frame_selection,3840,2160,16,0,1200,6,baseline,1001.225391,1119.281998,1266.375999,9864.400473,261.588538,c72f5b5d2a6053ea
bounded_frame_selection,3840,2160,16,0,1200,6,gated,1035.727028,1266.968002,1604.903004,9793.354663,280.534117,c72f5b5d2a6053ea
bounded_frame_selection,3840,2160,16,0,1200,7,gated,1021.857197,1187.082001,1445.083,10309.039783,264.049677,c72f5b5d2a6053ea
bounded_frame_selection,3840,2160,16,0,1200,7,baseline,965.499318,1141.254002,1216.721001,8849.685338,285.654758,c72f5b5d2a6053ea
bounded_frame_selection,3840,2160,16,0,1200,8,baseline,975.7008,1203.804996,1319.360001,8982.670364,306.346084,c72f5b5d2a6053ea
bounded_frame_selection,3840,2160,16,0,1200,8,gated,936.006131,1113.559998,1229.113998,8580.791144,269.860895,c72f5b5d2a6053ea
bounded_frame_selection,3840,2160,16,0,1200,9,gated,951.46913,1130.412998,1187.233997,9057.432536,273.333753,c72f5b5d2a6053ea
bounded_frame_selection,3840,2160,16,0,1200,9,baseline,916.452963,1115.383999,1164.018002,8683.689412,279.376026,c72f5b5d2a6053ea
bounded_frame_selection,3840,2160,16,0,1200,10,baseline,934.672973,1157.064999,1222.571999,8946.283018,297.515372,c72f5b5d2a6053ea
bounded_frame_selection,3840,2160,16,0,1200,10,gated,892.581821,1071.278,1137.516998,8333.031633,269.273827,c72f5b5d2a6053ea
bounded_frame_selection,3840,2160,16,0,1200,11,gated,901.195697,1090.696003,1188.145,8515.927355,274.084174,c72f5b5d2a6053ea
bounded_frame_selection,3840,2160,16,0,1200,11,baseline,878.770533,1073.792999,1127.186001,8368.466503,285.367926,c72f5b5d2a6053ea
bounded_frame_selection,3840,2160,16,0,1200,12,baseline,951.203273,1168.146,1291.335003,8877.776023,309.805546,c72f5b5d2a6053ea
bounded_frame_selection,3840,2160,16,0,1200,12,gated,956.161505,1203.835003,1320.251003,8995.43392,300.803925,c72f5b5d2a6053ea
bounded_frame_selection,3840,2160,16,0,1200,13,gated,858.272733,1065.165997,1170.400002,8103.862979,263.740316,c72f5b5d2a6053ea
bounded_frame_selection,3840,2160,16,0,1200,13,baseline,909.92435,1116.545998,1184.787998,8571.543052,292.519882,c72f5b5d2a6053ea
bounded_frame_selection,3840,2160,16,0,1200,14,baseline,869.671138,1090.806,1149.791,8406.97972,298.763962,c72f5b5d2a6053ea
bounded_frame_selection,3840,2160,16,0,1200,14,gated,871.716072,1056.960999,1103.670998,8156.312794,281.766488,c72f5b5d2a6053ea
bounded_frame_selection,3840,2160,16,0,1200,15,gated,1010.983167,1205.459003,1341.963001,9445.149735,299.494923,c72f5b5d2a6053ea
bounded_frame_selection,3840,2160,16,0,1200,15,baseline,1015.159003,1179.277,1270.334,9298.999566,290.601359,c72f5b5d2a6053ea
bounded_frame_selection,3840,2160,16,0,1200,16,baseline,1004.791005,1152.876003,1249.834999,9454.923562,288.576414,c72f5b5d2a6053ea
bounded_frame_selection,3840,2160,16,0,1200,16,gated,968.880532,1137.707001,1453.719997,8979.790168,282.965163,c72f5b5d2a6053ea
bounded_frame_selection,3840,2160,16,0,1200,17,gated,973.875875,1165.750999,1300.583,8987.41943,284.881827,c72f5b5d2a6053ea
bounded_frame_selection,3840,2160,16,0,1200,17,baseline,1009.263257,1184.378002,1407.109001,9400.51063,309.776314,c72f5b5d2a6053ea
bounded_frame_selection,3840,2160,16,0,1200,18,baseline,979.145905,1136.625,1243.532001,9124.814944,285.688995,c72f5b5d2a6053ea
bounded_frame_selection,3840,2160,16,0,1200,18,gated,947.590398,1098.570999,1174.197998,8649.387454,271.826882,c72f5b5d2a6053ea
bounded_frame_selection,3840,2160,16,0,1200,19,gated,963.239722,1118.459999,1191.120998,8889.108251,275.153451,c72f5b5d2a6053ea
bounded_frame_selection,3840,2160,16,0,1200,19,baseline,946.208737,1154.329002,1241.758999,8912.948501,292.266911,c72f5b5d2a6053ea
bounded_frame_selection,1280,720,8,16667,300,0,baseline,270.309167,406.198002,480.242001,1862.861497,81.946147,ad72e11db84d4725
bounded_frame_selection,1280,720,8,16667,300,0,gated,300.778297,496.122002,534.847,2250.739743,84.520023,ad72e11db84d4725
bounded_frame_selection,1280,720,8,16667,300,1,gated,285.791427,421.247002,529.447002,1948.63814,87.271497,ad72e11db84d4725
bounded_frame_selection,1280,720,8,16667,300,1,baseline,275.706897,347.525002,520.079002,1751.059917,93.78683,ad72e11db84d4725
bounded_frame_selection,1280,720,8,16667,300,2,baseline,319.611367,476.445,545.297001,2073.396477,96.509053,ad72e11db84d4725
bounded_frame_selection,1280,720,8,16667,300,2,gated,258.12339,393.052002,426.728001,1725.537227,82.97134,ad72e11db84d4725
bounded_frame_selection,1280,720,8,16667,300,3,gated,350.91401,471.293999,503.206001,2387.110217,107.536533,ad72e11db84d4725
bounded_frame_selection,1280,720,8,16667,300,3,baseline,427.916283,550.388,570.707001,3466.627527,114.500637,ad72e11db84d4725
bounded_frame_selection,1280,720,8,16667,300,4,baseline,365.85229,528.535999,561.829998,2799.88803,106.692273,ad72e11db84d4725
bounded_frame_selection,1280,720,8,16667,300,4,gated,319.51291,465.021999,508.347,2402.817473,78.752623,ad72e11db84d4725
bounded_frame_selection,1920,1080,12,16667,300,0,baseline,438.0564,592.179001,740.266998,3322.688543,128.58512,0da0f68a5f10eaf7
bounded_frame_selection,1920,1080,12,16667,300,0,gated,494.101423,743.312,991.182999,3734.739703,143.944363,0da0f68a5f10eaf7
bounded_frame_selection,1920,1080,12,16667,300,1,gated,473.227777,603.049999,867.762997,3610.158933,130.85275,0da0f68a5f10eaf7
bounded_frame_selection,1920,1080,12,16667,300,1,baseline,524.311244,618.118999,751.697998,4005.01854,193.703497,0da0f68a5f10eaf7
bounded_frame_selection,1920,1080,12,16667,300,2,baseline,519.361667,852.353001,1022.714001,4327.88716,146.307733,0da0f68a5f10eaf7
bounded_frame_selection,1920,1080,12,16667,300,2,gated,557.90121,874.495998,935.183998,4963.71865,135.988277,0da0f68a5f10eaf7
bounded_frame_selection,1920,1080,12,16667,300,3,gated,539.16939,805.561996,851.051003,4544.679723,128.683653,0da0f68a5f10eaf7
bounded_frame_selection,1920,1080,12,16667,300,3,baseline,567.831577,847.915001,908.581997,4769.11323,158.82808,0da0f68a5f10eaf7
bounded_frame_selection,1920,1080,12,16667,300,4,baseline,484.995387,643.979,828.897999,3827.440987,137.572697,0da0f68a5f10eaf7
bounded_frame_selection,1920,1080,12,16667,300,4,gated,416.124593,490.040001,539.005001,3449.203587,112.87127,0da0f68a5f10eaf7
